gameId,teamId,teamCity,teamName,teamTricode,teamSlug,personId,firstName,familyName,nameI,playerSlug,position,comment,jerseyNum,minutes,pointsOffTurnovers,pointsSecondChance,pointsFastBreak,pointsPaint,oppPointsOffTurnovers,oppPointsSecondChance,oppPointsFastBreak,oppPointsPaint,blocks,blocksAgainst,foulsPersonal,foulsDrawn
0042000405,1610612749,Milwaukee,Bucks,MIL,bucks,200782,P.J.,Tucker,P. Tucker,pj-tucker,F,,17,24:08,0,0,0,0,10,2,2,34,0,0,5,0
0042000405,1610612749,Milwaukee,Bucks,MIL,bucks,203507,Giannis,Antetokounmpo,G. Antetokounmpo,giannis-antetokounmpo,F,,34,40:35,6,6,2,24,17,12,6,44,0,1,2,10
0042000405,1610612749,Milwaukee,Bucks,MIL,bucks,201572,Brook,Lopez,B. Lopez,brook-lopez,C,,11,28:42,0,0,4,6,12,6,10,30,0,0,2,1
0042000405,1610612749,Milwaukee,Bucks,MIL,bucks,203114,Khris,Middleton,K. Middleton,khris-middleton,G,,22,44:23,4,3,3,4,15,12,12,52,0,3,3,4
0042000405,1610612749,Milwaukee,Bucks,MIL,bucks,201950,Jrue,Holiday,J. Holiday,jrue-holiday,G,,21,41:57,3,0,3,10,12,11,10,42,1,1,4,1
0042000405,1610612749,Milwaukee,Bucks,MIL,bucks,201952,Jeff,Teague,J. Teague,jeff-teague,,,5,7:33,0,0,0,0,5,3,2,8,0,0,1,0
0042000405,1610612749,Milwaukee,Bucks,MIL,bucks,1626192,Pat,Connaughton,P. Connaughton,pat-connaughton,,,24,33:23,3,0,6,0,9,12,10,36,0,0,0,2
0042000405,1610612749,Milwaukee,Bucks,MIL,bucks,1626171,Bobby,Portis Jr.,B. Portis Jr.,bobby-portis-jr,,,9,,0,0,0,0,0,0,0,0,0,0,0,0
0042000405,1610612749,Milwaukee,Bucks,MIL,bucks,1626171,Bobby,Portis,B. Portis,bobby-portis,,,9,19:19,0,3,3,2,5,12,8,14,0,0,0,2
0042000405,1610612749,Milwaukee,Bucks,MIL,bucks,1629091,Elijah,Bryant,E. Bryant,elijah-bryant,,DNP - Coach's Decision,3,,0,0,0,0,0,0,0,0,0,0,0,0
0042000405,1610612749,Milwaukee,Bucks,MIL,bucks,1629603,Mamadi,Diakite,M. Diakite,mamadi-diakite,,DNP - Coach's Decision,25,,0,0,0,0,0,0,0,0,0,0,0,0
0042000405,1610612749,Milwaukee,Bucks,MIL,bucks,1627854,Bryn,Forbes,B. Forbes,bryn-forbes,,DNP - Coach's Decision,7,,0,0,0,0,0,0,0,0,0,0,0,0
0042000405,1610612749,Milwaukee,Bucks,MIL,bucks,1628382,Justin,Jackson,J. Jackson,justin-jackson,,DNP - Coach's Decision,44,,0,0,0,0,0,0,0,0,0,0,0,0
0042000405,1610612749,Milwaukee,Bucks,MIL,bucks,1629670,Jordan,Nwora,J. Nwora,jordan-nwora,,DNP - Coach's Decision,13,,0,0,0,0,0,0,0,0,0,0,0,0
0042000405,1610612749,Milwaukee,Bucks,MIL,bucks,1626253,Axel,Toupane,A. Toupane,axel-toupane,,DNP - Coach's Decision,66,,0,0,0,0,0,0,0,0,0,0,0,0
0042000405,1610612756,Phoenix,Suns,PHX,suns,1628969,Mikal,Bridges,M. Bridges,mikal-bridges,F,,25,32:44,3,6,2,4,11,10,13,28,1,0,1,1
0042000405,1610612756,Phoenix,Suns,PHX,suns,203109,Jae,Crowder,J. Crowder,jae-crowder,F,,99,40:09,2,0,2,4,9,10,18,38,0,0,3,1
0042000405,1610612756,Phoenix,Suns,PHX,suns,1629028,Deandre,Ayton,D. Ayton,deandre-ayton,C,,22,44:49,8,4,0,12,16,12,17,36,2,0,4,4
0042000405,1610612756,Phoenix,Suns,PHX,suns,1626164,Devin,Booker,D. Booker,devin-booker,G,,1,41:32,4,2,2,20,16,9,14,36,1,1,5,6
0042000405,1610612756,Phoenix,Suns,PHX,suns,101108,Chris,Paul,C. Paul,chris-paul,G,,3,35:21,0,0,0,6,11,12,18,34,1,0,5,3
0042000405,1610612756,Phoenix,Suns,PHX,suns,1626166,Cameron,Payne,C. Payne,cameron-payne,,,15,14:34,0,2,0,6,5,0,5,16,0,0,1,1
0042000405,1610612756,Phoenix,Suns,PHX,suns,1629661,Cameron,Johnson,C. Johnson,cameron-johnson,,,23,21:52,0,0,6,0,7,7,13,26,0,0,0,1
0042000405,1610612756,Phoenix,Suns,PHX,suns,1628470,Torrey,Craig,T. Craig,torrey-craig,,,12,8:59,0,0,0,0,5,0,7,16,0,0,1,0
0042000405,1610612756,Phoenix,Suns,PHX,suns,1630234,Ty-Shon,Alexander,T. Alexander,ty-shon-alexander,,DNP - Coach's Decision,0,,0,0,0,0,0,0,0,0,0,0,0,0
0042000405,1610612756,Phoenix,Suns,PHX,suns,1628975,Jevon,Carter,J. Carter,jevon-carter,,DNP - Coach's Decision,4,,0,0,0,0,0,0,0,0,0,0,0,0
0042000405,1610612756,Phoenix,Suns,PHX,suns,204038,Langston,Galloway,L. Galloway,langston-galloway,,DNP - Coach's Decision,2,,0,0,0,0,0,0,0,0,0,0,0,0
0042000405,1610612756,Phoenix,Suns,PHX,suns,1626163,Frank,Kaminsky,F. Kaminsky,frank-kaminsky,,DNP - Coach's Decision,8,,0,0,0,0,0,0,0,0,0,0,0,0
0042000405,1610612756,Phoenix,Suns,PHX,suns,202734,E'Twaun,Moore,E. Moore,etwaun-moore,,DNP - Coach's Decision,55,,0,0,0,0,0,0,0,0,0,0,0,0
0042000405,1610612756,Phoenix,Suns,PHX,suns,1627846,Abdel,Nader,A. Nader,abdel-nader,,DNP - Coach's Decision,11,,0,0,0,0,0,0,0,0,0,0,0,0
0042000405,1610612756,Phoenix,Suns,PHX,suns,1630188,Jalen,Smith,J. Smith,jalen-smith,,DNP - Coach's Decision,10,,0,0,0,0,0,0,0,0,0,0,0,0
