gameId,actionNumber,clock,period,teamId,teamTricode,personId,playerName,playerNameI,xLegacy,yLegacy,shotDistance,shotResult,isFieldGoal,scoreHome,scoreAway,pointsTotal,location,description,actionType,subType,videoAvailable,shotValue,actionId
0041800403,2,PT12M00.00S,1,0,,0,,,0,0,0,,0,0,0,0,,Start of 1st Period (9:11 PM EST),period,start,0,0,1
0041800403,4,PT12M00.00S,1,1610612744,GSW,202326,Cousins,D. Cousins,0,0,0,,0,,,0,h,Jump Ball Cousins vs. Gasol: Tip to Livingston,Jump Ball,,1,0,2
0041800403,7,PT11M45.00S,1,1610612744,GSW,201939,Curry,S. Curry,192,179,26,Missed,1,,,0,h,MISS Curry 26' 3PT Jump Shot,Missed Shot,Jump Shot,1,3,3
0041800403,8,PT11M43.00S,1,1610612761,TOR,1627783,Siakam,P. Siakam,0,0,0,,0,,,0,v,Siakam REBOUND (Off:0 Def:1),Rebound,Unknown,1,0,4
0041800403,9,PT11M36.00S,1,1610612744,GSW,2733,Livingston,S. Livingston,0,0,0,,0,,,0,h,Livingston S.FOUL (P1.T1) (D.Guthrie),Foul,Shooting,1,0,5
0041800403,11,PT11M36.00S,1,1610612761,TOR,200768,Lowry,K. Lowry,0,0,0,,0,0,1,1,v,Lowry Free Throw 1 of 2 (1 PTS),Free Throw,Free Throw 1 of 2,0,0,6
0041800403,12,PT11M36.00S,1,1610612761,TOR,200768,Lowry,K. Lowry,0,0,0,,0,0,2,2,v,Lowry Free Throw 2 of 2 (2 PTS),Free Throw,Free Throw 2 of 2,0,0,7
0041800403,13,PT11M22.00S,1,1610612744,GSW,203110,Green,D. Green,-49,245,25,Missed,1,,,0,h,MISS Green 25' 3PT Jump Shot,Missed Shot,Jump Shot,1,3,8
0041800403,14,PT11M20.00S,1,1610612744,GSW,201939,Curry,S. Curry,0,0,0,,0,,,0,h,Curry REBOUND (Off:1 Def:0),Rebound,Unknown,1,0,9
0041800403,15,PT11M16.00S,1,1610612744,GSW,201939,Curry,S. Curry,161,20,16,Made,1,2,2,4,h,Curry 16' Fadeaway Jumper (2 PTS) (Livingston 1 AST),Made Shot,Fadeaway Jump Shot,1,2,10
0041800403,17,PT11M03.00S,1,1610612744,GSW,201939,Curry,S. Curry,0,0,0,,0,,,0,h,Curry P.FOUL (P1.T2) (D.Guthrie),Foul,Personal,1,0,11
0041800403,20,PT10M50.00S,1,1610612744,GSW,202326,Cousins,D. Cousins,0,0,0,,0,,,0,h,Cousins S.FOUL (P1.T3) (D.Guthrie),Foul,Shooting,1,0,12
0041800403,22,PT10M50.00S,1,1610612761,TOR,201188,Gasol,M. Gasol,0,0,0,,0,2,3,5,v,Gasol Free Throw 1 of 2 (1 PTS),Free Throw,Free Throw 1 of 2,0,0,13
0041800403,23,PT10M50.00S,1,1610612761,TOR,201188,Gasol,M. Gasol,0,0,0,,0,2,4,6,v,Gasol Free Throw 2 of 2 (2 PTS),Free Throw,Free Throw 2 of 2,0,0,14
0041800403,24,PT10M42.00S,1,1610612744,GSW,201939,Curry,S. Curry,20,302,30,Made,1,5,4,9,h,Curry 30' 3PT Running Pull-Up Jump Shot (5 PTS),Made Shot,Running Pull-Up Jump Shot,1,3,15
0041800403,25,PT10M25.00S,1,1610612761,TOR,1627783,Siakam,P. Siakam,-62,78,10,Made,1,5,6,11,v,Siakam 10' Hook Shot (2 PTS),Made Shot,Hook Shot,1,2,16
0041800403,26,PT10M13.00S,1,1610612744,GSW,2738,Iguodala,A. Iguodala,136,250,28,Missed,1,,,0,h,MISS Iguodala 28' 3PT Jump Shot,Missed Shot,Jump Shot,1,3,17
0041800403,27,PT10M11.00S,1,1610612761,TOR,201980,Green,D. Green,0,0,0,,0,,,0,v,Green REBOUND (Off:0 Def:1),Rebound,Unknown,1,0,18
0041800403,28,PT10M04.00S,1,1610612761,TOR,201188,Gasol,M. Gasol,-14,290,29,Missed,1,,,0,v,MISS Gasol 29' 3PT Jump Shot,Missed Shot,Jump Shot,1,3,19
0041800403,29,PT10M02.00S,1,1610612744,GSW,201939,Curry,S. Curry,0,0,0,,0,,,0,h,Curry REBOUND (Off:1 Def:1),Rebound,Unknown,1,0,20
0041800403,30,PT09M56.00S,1,1610612744,GSW,201939,Curry,S. Curry,2,51,5,Missed,1,,,0,h,MISS Curry 5' Running Finger Roll Layup,Missed Shot,Running Finger Roll Layup Shot,1,2,21
0041800403,31,PT09M55.00S,1,1610612761,TOR,201980,Green,D. Green,0,0,0,,0,,,0,v,Green REBOUND (Off:0 Def:2),Rebound,Unknown,1,0,22
0041800403,32,PT09M42.00S,1,1610612761,TOR,201980,Green,D. Green,-228,13,0,Made,1,5,9,14,v,Green 3PT Pullup Jump Shot (3 PTS) (Lowry 1 AST),Made Shot,Pullup Jump shot,1,3,23
0041800403,34,PT09M29.00S,1,1610612761,TOR,201188,Gasol,M. Gasol,0,0,0,,0,,,0,v,Gasol S.FOUL (P1.T1) (D.Guthrie),Foul,Shooting,1,0,24
0041800403,36,PT09M29.00S,1,1610612744,GSW,202326,Cousins,D. Cousins,0,0,0,,0,6,9,15,h,Cousins Free Throw 1 of 3 (1 PTS),Free Throw,Free Throw 1 of 3,0,0,25
0041800403,37,PT09M29.00S,1,1610612744,GSW,202326,Cousins,D. Cousins,0,0,0,,0,7,9,16,h,Cousins Free Throw 2 of 3 (2 PTS),Free Throw,Free Throw 2 of 3,0,0,26
0041800403,38,PT09M29.00S,1,1610612744,GSW,202326,Cousins,D. Cousins,0,0,0,,0,,,0,h,MISS Cousins Free Throw 3 of 3,Free Throw,Free Throw 3 of 3,0,0,27
0041800403,39,PT09M27.00S,1,1610612761,TOR,202695,Leonard,K. Leonard,0,0,0,,0,,,0,v,Leonard REBOUND (Off:0 Def:1),Rebound,Unknown,1,0,28
0041800403,40,PT09M08.00S,1,1610612761,TOR,201188,Gasol,M. Gasol,4,69,7,Made,1,7,11,18,v,Gasol 7' Hook Shot (4 PTS),Made Shot,Hook Shot,1,2,29
0041800403,41,PT08M51.00S,1,1610612744,GSW,202326,Cousins,D. Cousins,0,0,0,,0,,,0,h,Cousins Lost Ball Turnover (P1.T1),Turnover,Lost Ball,1,0,30
0041800403,41,PT08M51.00S,1,1610612761,TOR,201980,Green,D. Green,0,0,0,,0,,,0,v,Green STEAL (1 STL),,,1,0,31
0041800403,45,PT08M28.00S,1,1610612761,TOR,202695,Leonard,K. Leonard,-8,112,11,Missed,1,,,0,v,MISS Leonard 11' Pullup Jump Shot,Missed Shot,Pullup Jump shot,1,2,32
0041800403,46,PT08M27.00S,1,1610612761,TOR,1627783,Siakam,P. Siakam,0,0,0,,0,,,0,v,Siakam REBOUND (Off:1 Def:1),Rebound,Unknown,1,0,33
0041800403,47,PT08M22.00S,1,1610612761,TOR,202695,Leonard,K. Leonard,2,118,12,Made,1,7,13,20,v,Leonard 12' Jump Shot (2 PTS) (Siakam 1 AST),Made Shot,Jump Shot,1,2,34
0041800403,49,PT08M13.00S,1,1610612744,GSW,203110,Green,D. Green,229,30,0,Missed,1,,,0,h,MISS Green 3PT Jump Shot,Missed Shot,Jump Shot,1,3,35
0041800403,50,PT08M11.00S,1,1610612761,TOR,201188,Gasol,M. Gasol,0,0,0,,0,,,0,v,Gasol REBOUND (Off:0 Def:1),Rebound,Unknown,1,0,36
0041800403,51,PT08M07.00S,1,1610612761,TOR,200768,Lowry,K. Lowry,-83,268,28,Missed,1,,,0,v,MISS Lowry 28' 3PT Running Pull-Up Jump Shot,Missed Shot,Running Pull-Up Jump Shot,1,3,37
0041800403,52,PT08M05.00S,1,1610612744,GSW,202326,Cousins,D. Cousins,0,0,0,,0,,,0,h,Cousins REBOUND (Off:0 Def:1),Rebound,Unknown,1,0,38
0041800403,53,PT07M53.00S,1,1610612744,GSW,2733,Livingston,S. Livingston,128,13,13,Missed,1,,,0,h,MISS Livingston 13' Jump Shot,Missed Shot,Jump Shot,1,2,39
0041800403,54,PT07M52.00S,1,1610612761,TOR,201980,Green,D. Green,0,0,0,,0,,,0,v,Green REBOUND (Off:0 Def:3),Rebound,Unknown,1,0,40
0041800403,55,PT07M37.00S,1,1610612761,TOR,1627783,Siakam,P. Siakam,47,27,5,Made,1,7,15,22,v,Siakam 5' Turnaround Jump Shot (4 PTS),Made Shot,Turnaround Jump Shot,1,2,41
0041800403,56,PT07M37.00S,1,0,,1610612744,,,0,0,0,,0,,,0,h,WARRIORS Timeout: Regular (Full 1 Short 0),Timeout,Regular,0,0,42
0041800403,57,PT07M18.00S,1,1610612744,GSW,202326,Cousins,D. Cousins,49,269,27,Missed,1,,,0,h,MISS Cousins 27' 3PT Jump Shot,Missed Shot,Jump Shot,1,3,43
0041800403,58,PT07M16.00S,1,0,,1610612761,,,0,0,0,,0,,,0,v,Raptors Rebound,Rebound,Unknown,0,0,44
0041800403,60,PT06M53.00S,1,1610612761,TOR,1627783,Siakam,P. Siakam,162,113,20,Made,1,7,17,24,v,Siakam 20' Step Back Jump Shot (6 PTS),Made Shot,Step Back Jump shot,1,2,45
0041800403,61,PT06M38.00S,1,1610612744,GSW,201939,Curry,S. Curry,17,16,2,Made,1,9,17,26,h,Curry 2' Driving Finger Roll Layup (7 PTS),Made Shot,Driving Finger Roll Layup Shot,1,2,46
0041800403,62,PT06M16.00S,1,1610612761,TOR,201188,Gasol,M. Gasol,-12,31,3,Made,1,9,19,28,v,Gasol 3' Cutting Layup Shot (6 PTS) (Siakam 2 AST),Made Shot,Cutting Layup Shot,1,2,47
0041800403,64,PT06M07.00S,1,1610612744,GSW,201939,Curry,S. Curry,-3,256,26,Made,1,12,19,31,h,Curry 26' 3PT Pullup Jump Shot (10 PTS) (Green 1 AST),Made Shot,Pullup Jump shot,1,3,48
0041800403,66,PT05M51.00S,1,1610612761,TOR,201188,Gasol,M. Gasol,-11,267,27,Missed,1,,,0,v,MISS Gasol 27' 3PT Jump Shot,Missed Shot,Jump Shot,1,3,49
0041800403,67,PT05M48.00S,1,1610612744,GSW,201939,Curry,S. Curry,0,0,0,,0,,,0,h,Curry REBOUND (Off:1 Def:2),Rebound,Unknown,1,0,50
0041800403,68,PT05M45.00S,1,1610612744,GSW,201939,Curry,S. Curry,116,267,29,Missed,1,,,0,h,MISS Curry 29' 3PT Pullup Jump Shot,Missed Shot,Pullup Jump shot,1,3,51
0041800403,69,PT05M42.00S,1,0,,1610612761,,,0,0,0,,0,,,0,v,Raptors Rebound,Rebound,Unknown,0,0,52
0041800403,71,PT05M42.00S,1,1610612744,GSW,202326,Cousins,D. Cousins,0,0,0,,0,,,0,h,SUB: Cook FOR Cousins,Substitution,,0,0,53
0041800403,72,PT05M42.00S,1,1610612744,GSW,2733,Livingston,S. Livingston,0,0,0,,0,,,0,h,SUB: Bogut FOR Livingston,Substitution,,0,0,54
0041800403,76,PT05M34.00S,1,1610612761,TOR,200768,Lowry,K. Lowry,0,0,0,,0,,,0,v,Lowry Out of Bounds - Bad Pass Turnover Turnover (P1.T1),Turnover,Out of Bounds - Bad Pass Turnover,1,0,55
0041800403,77,PT05M23.00S,1,1610612744,GSW,1626188,Cook,Q. Cook,-221,-15,0,Missed,1,,,0,h,MISS Cook 3PT Jump Shot,Missed Shot,Jump Shot,1,3,56
0041800403,78,PT05M21.00S,1,1610612744,GSW,101106,Bogut,A. Bogut,0,0,0,,0,,,0,h,Bogut REBOUND (Off:1 Def:0),Rebound,Unknown,1,0,57
0041800403,79,PT05M18.00S,1,1610612744,GSW,201939,Curry,S. Curry,9,164,16,Made,1,14,19,33,h,Curry 16' Pullup Jump Shot (12 PTS) (Bogut 1 AST),Made Shot,Pullup Jump shot,1,2,58
0041800403,81,PT05M09.00S,1,1610612761,TOR,200768,Lowry,K. Lowry,-95,175,20,Made,1,14,21,35,v,Lowry 20' Turnaround Jump Shot (4 PTS),Made Shot,Turnaround Jump Shot,1,2,59
0041800403,82,PT04M52.00S,1,1610612744,GSW,201939,Curry,S. Curry,-228,-2,0,Missed,1,,,0,h,MISS Curry 3PT Step Back Jump Shot,Missed Shot,Step Back Jump shot,1,3,60
0041800403,83,PT04M50.00S,1,1610612761,TOR,202695,Leonard,K. Leonard,0,0,0,,0,,,0,v,Leonard REBOUND (Off:0 Def:2),Rebound,Unknown,1,0,61
0041800403,84,PT04M43.00S,1,1610612761,TOR,201980,Green,D. Green,227,33,0,Made,1,14,24,38,v,Green 3PT Jump Shot (6 PTS) (Leonard 1 AST),Made Shot,Jump Shot,1,3,62
0041800403,86,PT04M24.00S,1,1610612761,TOR,201980,Green,D. Green,0,0,0,,0,,,0,v,Green P.FOUL (P1.T2) (M.Davis),Foul,Personal,1,0,63
0041800403,88,PT04M24.00S,1,1610612744,GSW,2738,Iguodala,A. Iguodala,0,0,0,,0,,,0,h,SUB: McKinnie FOR Iguodala,Substitution,,0,0,64
0041800403,89,PT04M24.00S,1,1610612761,TOR,201980,Green,D. Green,0,0,0,,0,,,0,v,SUB: VanVleet FOR Green,Substitution,,0,0,65
0041800403,92,PT04M14.00S,1,1610612744,GSW,101106,Bogut,A. Bogut,-20,4,2,Made,1,16,24,40,h,Bogut 2' Cutting Layup Shot (2 PTS) (Curry 1 AST),Made Shot,Cutting Layup Shot,1,2,66
0041800403,94,PT04M08.00S,1,1610612744,GSW,101106,Bogut,A. Bogut,0,0,0,,0,,,0,h,Bogut P.FOUL (P1.T4) (M.Davis),Foul,Personal,1,0,67
0041800403,96,PT04M00.00S,1,1610612761,TOR,201188,Gasol,M. Gasol,6,38,4,Made,1,16,26,42,v,Gasol 4' Cutting Dunk Shot (8 PTS) (Leonard 2 AST),Made Shot,Cutting Dunk Shot,1,2,68
0041800403,98,PT03M45.00S,1,1610612744,GSW,201939,Curry,S. Curry,0,0,0,,0,,,0,h,Curry Out of Bounds - Bad Pass Turnover Turnover (P1.T2),Turnover,Out of Bounds - Bad Pass Turnover,1,0,69
0041800403,99,PT03M28.00S,1,1610612761,TOR,201188,Gasol,M. Gasol,-16,117,12,Missed,1,,,0,v,MISS Gasol 12' Turnaround Jump Shot,Missed Shot,Turnaround Jump Shot,1,2,70
0041800403,100,PT03M26.00S,1,0,,1610612761,,,0,0,0,,0,,,0,v,Raptors Rebound,Rebound,Unknown,0,0,71
0041800403,102,PT03M25.00S,1,1610612761,TOR,1627783,Siakam,P. Siakam,227,12,0,Missed,1,,,0,v,MISS Siakam 3PT Jump Shot,Missed Shot,Jump Shot,1,3,72
0041800403,103,PT03M23.00S,1,1610612744,GSW,101106,Bogut,A. Bogut,0,0,0,,0,,,0,h,Bogut REBOUND (Off:1 Def:1),Rebound,Unknown,1,0,73
0041800403,104,PT03M17.00S,1,1610612744,GSW,203110,Green,D. Green,0,0,0,,0,,,0,h,Green Out of Bounds - Bad Pass Turnover Turnover (P1.T3),Turnover,Out of Bounds - Bad Pass Turnover,1,0,74
0041800403,105,PT02M54.00S,1,1610612761,TOR,201188,Gasol,M. Gasol,-98,36,10,Missed,1,,,0,v,MISS Gasol 10' Fadeaway Jumper,Missed Shot,Fadeaway Jump Shot,1,2,75
0041800403,106,PT02M53.00S,1,1610612744,GSW,201939,Curry,S. Curry,0,0,0,,0,,,0,h,Curry REBOUND (Off:1 Def:3),Rebound,Unknown,1,0,76
0041800403,117,PT02M38.00S,1,1610612744,GSW,1628035,McKinnie,A. McKinnie,0,0,0,,0,,,0,h,McKinnie Bad Pass Turnover (P1.T4),Turnover,Bad Pass,1,0,77
0041800403,117,PT02M38.00S,1,1610612761,TOR,1627832,VanVleet,F. VanVleet,0,0,0,,0,,,0,v,VanVleet STEAL (1 STL),,,1,0,78
0041800403,110,PT02M35.00S,1,1610612761,TOR,1627783,Siakam,P. Siakam,-3,96,10,Missed,1,,,0,v,MISS Siakam 10' Driving Floating Jump Shot,Missed Shot,Driving Floating Jump Shot,1,2,79
0041800403,111,PT02M34.00S,1,1610612744,GSW,201939,Curry,S. Curry,0,0,0,,0,,,0,h,Curry REBOUND (Off:1 Def:4),Rebound,Unknown,1,0,80
0041800403,112,PT02M22.00S,1,1610612744,GSW,201939,Curry,S. Curry,181,216,28,Missed,1,,,0,h,MISS Curry 28' 3PT Jump Shot,Missed Shot,Jump Shot,1,3,81
0041800403,113,PT02M20.00S,1,1610612761,TOR,202695,Leonard,K. Leonard,0,0,0,,0,,,0,v,Leonard REBOUND (Off:0 Def:3),Rebound,Unknown,1,0,82
0041800403,114,PT02M13.00S,1,1610612744,GSW,1626188,Cook,Q. Cook,0,0,0,,0,,,0,h,Cook S.FOUL (P1.PN) (D.Guthrie),Foul,Shooting,1,0,83
0041800403,116,PT02M13.00S,1,0,,1610612761,,,0,0,0,,0,,,0,v,Raptors Timeout: Regular (Reg.1 Short 0),Timeout,Regular,0,0,84
0041800403,119,PT02M13.00S,1,1610612761,TOR,200768,Lowry,K. Lowry,0,0,0,,0,,,0,v,SUB: Ibaka FOR Lowry,Substitution,,0,0,85
0041800403,120,PT02M13.00S,1,1610612761,TOR,201188,Gasol,M. Gasol,0,0,0,,0,,,0,v,SUB: Green FOR Gasol,Substitution,,0,0,86
0041800403,121,PT02M13.00S,1,1610612761,TOR,1627783,Siakam,P. Siakam,0,0,0,,0,,,0,v,SUB: McCaw FOR Siakam,Substitution,,0,0,87
0041800403,125,PT02M13.00S,1,1610612761,TOR,202695,Leonard,K. Leonard,0,0,0,,0,16,27,43,v,Leonard Free Throw 1 of 2 (3 PTS),Free Throw,Free Throw 1 of 2,0,0,88
0041800403,126,PT02M13.00S,1,1610612761,TOR,202695,Leonard,K. Leonard,0,0,0,,0,16,28,44,v,Leonard Free Throw 2 of 2 (4 PTS),Free Throw,Free Throw 2 of 2,0,0,89
0041800403,127,PT01M53.00S,1,1610612744,GSW,1628035,McKinnie,A. McKinnie,229,11,0,Made,1,19,28,47,h,McKinnie 3PT Jump Shot (3 PTS) (Curry 2 AST),Made Shot,Jump Shot,1,3,90
0041800403,129,PT01M37.00S,1,1610612761,TOR,202695,Leonard,K. Leonard,9,10,1,Missed,1,,,0,v,MISS Leonard 1' Driving Layup,Missed Shot,Driving Layup Shot,1,2,91
0041800403,130,PT01M36.00S,1,1610612744,GSW,201939,Curry,S. Curry,0,0,0,,0,,,0,h,Curry REBOUND (Off:1 Def:5),Rebound,Unknown,1,0,92
0041800403,131,PT01M32.00S,1,1610612744,GSW,1626188,Cook,Q. Cook,6,10,1,Made,1,21,28,49,h,Cook 1' Running Layup (2 PTS) (Curry 3 AST),Made Shot,Running Layup Shot,1,2,93
0041800403,133,PT01M16.00S,1,1610612744,GSW,101106,Bogut,A. Bogut,0,0,0,,0,,,0,h,Bogut S.FOUL (P2.PN) (M.Davis),Foul,Shooting,1,0,94
0041800403,135,PT01M16.00S,1,1610612761,TOR,202695,Leonard,K. Leonard,0,0,0,,0,21,29,50,v,Leonard Free Throw 1 of 2 (5 PTS),Free Throw,Free Throw 1 of 2,0,0,95
0041800403,136,PT01M16.00S,1,1610612761,TOR,202695,Leonard,K. Leonard,0,0,0,,0,21,30,51,v,Leonard Free Throw 2 of 2 (6 PTS),Free Throw,Free Throw 2 of 2,0,0,96
0041800403,137,PT01M08.00S,1,1610612761,TOR,1627832,VanVleet,F. VanVleet,0,0,0,,0,,,0,v,VanVleet S.FOUL (P1.T3) (M.Davis),Foul,Shooting,1,0,97
0041800403,139,PT01M08.00S,1,1610612744,GSW,201939,Curry,S. Curry,0,0,0,,0,22,30,52,h,Curry Free Throw 1 of 2 (13 PTS),Free Throw,Free Throw 1 of 2,0,0,98
0041800403,140,PT01M08.00S,1,1610612744,GSW,101106,Bogut,A. Bogut,0,0,0,,0,,,0,h,SUB: Bell FOR Bogut,Substitution,,0,0,99
0041800403,142,PT01M08.00S,1,1610612744,GSW,201939,Curry,S. Curry,0,0,0,,0,23,30,53,h,Curry Free Throw 2 of 2 (14 PTS),Free Throw,Free Throw 2 of 2,0,0,100
0041800403,143,PT00M55.70S,1,1610612761,TOR,202695,Leonard,K. Leonard,-5,18,2,Made,1,23,32,55,v,Leonard 2' Driving Dunk (8 PTS),Made Shot,Driving Dunk Shot,1,2,101
0041800403,144,PT00M55.70S,1,1610612744,GSW,1628395,Bell,J. Bell,0,0,0,,0,,,0,h,Bell S.FOUL (P1.PN) (M.Davis),Foul,Shooting,1,0,102
0041800403,146,PT00M55.70S,1,1610612761,TOR,202695,Leonard,K. Leonard,0,0,0,,0,23,33,56,v,Leonard Free Throw 1 of 1 (9 PTS),Free Throw,Free Throw 1 of 1,0,0,103
0041800403,147,PT00M44.80S,1,1610612744,GSW,203110,Green,D. Green,-29,20,4,Made,1,25,33,58,h,Green 4' Layup (2 PTS) (McKinnie 1 AST),Made Shot,Layup Shot,1,2,104
0041800403,149,PT00M44.80S,1,1610612761,TOR,1627832,VanVleet,F. VanVleet,0,0,0,,0,,,0,v,VanVleet S.FOUL (P2.PN) (M.Davis),Foul,Shooting,1,0,105
0041800403,151,PT00M44.80S,1,1610612744,GSW,203110,Green,D. Green,0,0,0,,0,26,33,59,h,Green Free Throw 1 of 1 (3 PTS),Free Throw,Free Throw 1 of 1,0,0,106
0041800403,152,PT00M31.10S,1,1610612761,TOR,201980,Green,D. Green,-231,37,0,Missed,1,,,0,v,MISS Green 3PT Jump Shot,Missed Shot,Jump Shot,1,3,107
0041800403,153,PT00M29.80S,1,1610612744,GSW,203110,Green,D. Green,0,0,0,,0,,,0,h,Green REBOUND (Off:0 Def:1),Rebound,Unknown,1,0,108
0041800403,154,PT00M14.40S,1,1610612744,GSW,201939,Curry,S. Curry,171,264,31,Made,1,29,33,62,h,Curry 31' 3PT Pullup Jump Shot (17 PTS),Made Shot,Pullup Jump shot,1,3,109
0041800403,155,PT00M03.50S,1,1610612761,TOR,201980,Green,D. Green,-229,21,0,Made,1,29,36,65,v,Green 3PT Jump Shot (9 PTS) (McCaw 1 AST),Made Shot,Jump Shot,1,3,110
0041800403,157,PT00M00.50S,1,1610612744,GSW,203110,Green,D. Green,9,440,44,Missed,1,,,0,h,MISS Green 44' 3PT Running Pull-Up Jump Shot,Missed Shot,Running Pull-Up Jump Shot,1,3,111
0041800403,158,PT00M00.50S,1,0,,1610612744,,,0,0,0,,0,,,0,h,WARRIORS Rebound,Rebound,Unknown,0,0,112
0041800403,159,PT00M00.00S,1,0,,0,,,0,0,0,,0,29,36,65,,End of 1st Period (9:41 PM EST),period,end,1,0,113
0041800403,172,PT12M00.00S,2,0,,0,,,0,0,0,,0,29,36,65,,Start of 2nd Period (9:44 PM EST),period,start,0,0,114
0041800403,173,PT11M39.00S,2,1610612761,TOR,1627783,Siakam,P. Siakam,47,54,7,Made,1,29,38,67,v,Siakam 7' Turnaround Hook Shot (8 PTS),Made Shot,Turnaround Hook Shot,1,2,115
0041800403,175,PT11M25.00S,2,1610612744,GSW,202326,Cousins,D. Cousins,9,29,3,Made,1,31,38,69,h,Cousins 3' Reverse Layup (4 PTS) (Iguodala 1 AST),Made Shot,Reverse Layup Shot,1,2,116
0041800403,177,PT11M12.00S,2,1610612761,TOR,1627832,VanVleet,F. VanVleet,231,21,0,Made,1,31,41,72,v,VanVleet 3PT Jump Shot (3 PTS) (Lowry 2 AST),Made Shot,Jump Shot,1,3,117
0041800403,180,PT10M53.00S,2,1610612744,GSW,201973,Jerebko,J. Jerebko,13,153,15,Missed,1,,,0,h,MISS Jerebko 15' Jump Shot,Missed Shot,Jump Shot,1,2,118
0041800403,181,PT10M52.00S,2,0,,1610612744,,,0,0,0,,0,,,0,h,WARRIORS Rebound,Rebound,Unknown,1,0,119
0041800403,182,PT10M52.00S,2,1610612761,TOR,201586,Ibaka,S. Ibaka,0,0,0,,0,,,0,v,Ibaka L.B.FOUL (P1.T1) (D.Guthrie),Foul,Loose Ball,1,0,120
0041800403,184,PT10M45.00S,2,1610612761,TOR,201980,Green,D. Green,0,0,0,,0,,,0,v,Green S.FOUL (P2.T2) (D.Guthrie),Foul,Shooting,1,0,121
0041800403,186,PT10M45.00S,2,1610612744,GSW,2733,Livingston,S. Livingston,0,0,0,,0,32,41,73,h,Livingston Free Throw 1 of 2 (1 PTS),Free Throw,Free Throw 1 of 2,0,0,122
0041800403,187,PT10M45.00S,2,1610612744,GSW,2733,Livingston,S. Livingston,0,0,0,,0,33,41,74,h,Livingston Free Throw 2 of 2 (2 PTS),Free Throw,Free Throw 2 of 2,0,0,123
0041800403,188,PT10M34.00S,2,1610612744,GSW,201973,Jerebko,J. Jerebko,0,0,0,,0,,,0,h,Jerebko S.FOUL (P1.T1) (M.Davis),Foul,Shooting,1,0,124
0041800403,190,PT10M34.00S,2,1610612761,TOR,1627783,Siakam,P. Siakam,0,0,0,,0,33,42,75,v,Siakam Free Throw 1 of 2 (9 PTS),Free Throw,Free Throw 1 of 2,0,0,125
0041800403,191,PT10M34.00S,2,1610612761,TOR,1627783,Siakam,P. Siakam,0,0,0,,0,33,43,76,v,Siakam Free Throw 2 of 2 (10 PTS),Free Throw,Free Throw 2 of 2,0,0,126
0041800403,192,PT10M21.00S,2,1610612744,GSW,2733,Livingston,S. Livingston,25,93,10,Missed,1,,,0,h,MISS Livingston 10' Hook Shot,Missed Shot,Hook Shot,1,2,127
0041800403,193,PT10M17.00S,2,1610612761,TOR,201586,Ibaka,S. Ibaka,0,0,0,,0,,,0,v,Ibaka REBOUND (Off:0 Def:1),Rebound,Unknown,1,0,128
0041800403,194,PT10M12.00S,2,1610612761,TOR,1627832,VanVleet,F. VanVleet,231,36,0,Missed,1,,,0,v,MISS VanVleet 3PT Jump Shot,Missed Shot,Jump Shot,1,3,129
0041800403,195,PT10M10.00S,2,1610612744,GSW,2738,Iguodala,A. Iguodala,0,0,0,,0,,,0,h,Iguodala REBOUND (Off:0 Def:1),Rebound,Unknown,1,0,130
0041800403,196,PT09M59.00S,2,1610612744,GSW,202326,Cousins,D. Cousins,0,0,0,,0,,,0,h,Cousins Out of Bounds - Bad Pass Turnover Turnover (P2.T5),Turnover,Out of Bounds - Bad Pass Turnover,1,0,131
0041800403,197,PT09M59.00S,2,1610612761,TOR,1627832,VanVleet,F. VanVleet,0,0,0,,0,,,0,v,SUB: Powell FOR VanVleet,Substitution,,0,0,132
0041800403,199,PT09M42.00S,2,1610612761,TOR,1627783,Siakam,P. Siakam,14,31,3,Made,1,33,45,78,v,Siakam 3' Driving Layup (12 PTS),Made Shot,Driving Layup Shot,1,2,133
0041800403,200,PT09M42.00S,2,0,,1610612744,,,0,0,0,,0,,,0,h,WARRIORS Timeout: Regular (Full 2 Short 0),Timeout,Regular,0,0,134
0041800403,201,PT09M23.00S,2,1610612744,GSW,1626188,Cook,Q. Cook,90,182,20,Made,1,35,45,80,h,Cook 20' Step Back Jump Shot (4 PTS),Made Shot,Step Back Jump shot,1,2,135
0041800403,202,PT09M07.00S,2,1610612761,TOR,200768,Lowry,K. Lowry,-179,214,28,Made,1,35,48,83,v,Lowry 28' 3PT Jump Shot (7 PTS) (Green 1 AST),Made Shot,Jump Shot,1,3,136
0041800403,204,PT08M52.00S,2,1610612761,TOR,1627783,Siakam,P. Siakam,0,0,0,,0,,,0,v,Raptors T.Foul (Def. 3 Sec Siakam ) (D.Guthrie),Foul,Defense 3 Second,1,0,137
0041800403,205,PT08M52.00S,2,1610612744,GSW,1626188,Cook,Q. Cook,0,0,0,,0,36,48,84,h,Cook Free Throw Technical (5 PTS),Free Throw,Free Throw Technical,0,0,138
0041800403,206,PT08M52.00S,2,1610612744,GSW,1626188,Cook,Q. Cook,0,0,0,,0,,,0,h,SUB: Curry FOR Cook,Substitution,,0,0,139
0041800403,207,PT08M52.00S,2,1610612744,GSW,2738,Iguodala,A. Iguodala,0,0,0,,0,,,0,h,SUB: Green FOR Iguodala,Substitution,,0,0,140
0041800403,210,PT08M44.00S,2,1610612744,GSW,2733,Livingston,S. Livingston,3,25,3,Made,1,38,48,86,h,Livingston 3' Cutting Dunk Shot (4 PTS) (Cousins 1 AST),Made Shot,Cutting Dunk Shot,1,2,141
0041800403,212,PT08M25.00S,2,1610612761,TOR,1627783,Siakam,P. Siakam,4,31,3,Made,1,38,50,88,v,Siakam 3' Driving Finger Roll Layup (14 PTS) (Lowry 3 AST),Made Shot,Driving Finger Roll Layup Shot,1,2,142
0041800403,214,PT08M15.00S,2,1610612744,GSW,201973,Jerebko,J. Jerebko,161,226,28,Missed,1,,,0,h,MISS Jerebko 28' 3PT Jump Shot,Missed Shot,Jump Shot,1,3,143
0041800403,215,PT08M13.00S,2,1610612761,TOR,201980,Green,D. Green,0,0,0,,0,,,0,v,Green REBOUND (Off:0 Def:4),Rebound,Unknown,1,0,144
0041800403,216,PT08M06.00S,2,1610612761,TOR,201980,Green,D. Green,0,0,0,,0,,,0,v,Green OFF.Foul (P3) (D.Guthrie),Foul,Offensive,1,0,145
0041800403,218,PT08M06.00S,2,1610612761,TOR,201980,Green,D. Green,0,0,0,,0,,,0,v,Green Offensive Foul Turnover (P1.T2),Turnover,Offensive Foul Turnover,1,0,146
0041800403,219,PT08M06.00S,2,1610612744,GSW,201973,Jerebko,J. Jerebko,0,0,0,,0,,,0,h,SUB: McKinnie FOR Jerebko,Substitution,,0,0,147
0041800403,220,PT08M06.00S,2,1610612761,TOR,201980,Green,D. Green,0,0,0,,0,,,0,v,SUB: VanVleet FOR Green,Substitution,,0,0,148
0041800403,221,PT08M06.00S,2,1610612761,TOR,1626181,Powell,N. Powell,0,0,0,,0,,,0,v,SUB: Leonard FOR Powell,Substitution,,0,0,149
0041800403,225,PT07M52.00S,2,1610612744,GSW,201939,Curry,S. Curry,20,153,15,Missed,1,,,0,h,MISS Curry 15' Floating Jump Shot,Missed Shot,Floating Jump shot,1,2,150
0041800403,226,PT07M51.00S,2,1610612761,TOR,200768,Lowry,K. Lowry,0,0,0,,0,,,0,v,Lowry REBOUND (Off:0 Def:1),Rebound,Unknown,1,0,151
0041800403,227,PT07M42.00S,2,1610612744,GSW,203110,Green,D. Green,0,0,0,,0,,,0,h,Green S.FOUL (P1.T2) (D.Guthrie),Foul,Shooting,1,0,152
0041800403,229,PT07M42.00S,2,1610612761,TOR,201586,Ibaka,S. Ibaka,0,0,0,,0,38,51,89,v,Ibaka Free Throw 1 of 2 (1 PTS),Free Throw,Free Throw 1 of 2,0,0,153
0041800403,230,PT07M42.00S,2,1610612761,TOR,201586,Ibaka,S. Ibaka,0,0,0,,0,38,52,90,v,Ibaka Free Throw 2 of 2 (2 PTS),Free Throw,Free Throw 2 of 2,0,0,154
0041800403,231,PT07M28.00S,2,1610612744,GSW,202326,Cousins,D. Cousins,-10,13,2,Missed,1,,,0,h,MISS Cousins 2' Layup,Missed Shot,Layup Shot,1,2,155
0041800403,231,PT07M28.00S,2,1610612761,TOR,201586,Ibaka,S. Ibaka,0,0,0,,0,,,0,v,Ibaka BLOCK (1 BLK),,,1,2,156
0041800403,233,PT07M26.00S,2,1610612761,TOR,1627783,Siakam,P. Siakam,0,0,0,,0,,,0,v,Siakam REBOUND (Off:1 Def:2),Rebound,Unknown,1,0,157
0041800403,234,PT07M22.00S,2,1610612761,TOR,1627783,Siakam,P. Siakam,-228,54,0,Missed,1,,,0,v,MISS Siakam 3PT Jump Shot,Missed Shot,Jump Shot,1,3,158
0041800403,235,PT07M18.00S,2,0,,1610612761,,,0,0,0,,0,,,0,v,Raptors Rebound,Rebound,Unknown,0,0,159
0041800403,237,PT07M18.00S,2,1610612761,TOR,201586,Ibaka,S. Ibaka,0,0,0,,0,,,0,v,SUB: Gasol FOR Ibaka,Substitution,,0,0,160
0041800403,239,PT07M03.00S,2,1610612761,TOR,202695,Leonard,K. Leonard,189,10,19,Missed,1,,,0,v,MISS Leonard 19' Step Back Jump Shot,Missed Shot,Step Back Jump shot,1,2,161
0041800403,240,PT07M03.00S,2,0,,1610612761,,,0,0,0,,0,,,0,v,Raptors Rebound,Rebound,Unknown,0,0,162
0041800403,241,PT07M03.00S,2,0,,1610612761,,,0,0,0,,0,,,0,v,Raptors Turnover: Shot Clock (T#3),Turnover,Shot Clock Turnover,0,0,163
0041800403,242,PT07M03.00S,2,1610612744,GSW,202326,Cousins,D. Cousins,0,0,0,,0,,,0,h,SUB: Bogut FOR Cousins,Substitution,,0,0,164
0041800403,244,PT06M52.00S,2,1610612744,GSW,203110,Green,D. Green,0,0,0,,0,,,0,h,Green Bad Pass Turnover (P2.T6),Turnover,Bad Pass,1,0,165
0041800403,244,PT06M52.00S,2,1610612761,TOR,200768,Lowry,K. Lowry,0,0,0,,0,,,0,v,Lowry STEAL (1 STL),,,1,0,166
0041800403,246,PT06M48.00S,2,1610612761,TOR,200768,Lowry,K. Lowry,0,0,0,,0,,,0,v,Lowry Lost Ball Turnover (P2.T4),Turnover,Lost Ball,1,0,167
0041800403,246,PT06M48.00S,2,1610612744,GSW,203110,Green,D. Green,0,0,0,,0,,,0,h,Green STEAL (1 STL),,,1,0,168
0041800403,248,PT06M31.00S,2,1610612744,GSW,201939,Curry,S. Curry,0,0,0,,0,,,0,h,Curry Bad Pass Turnover (P2.T7),Turnover,Bad Pass,1,0,169
0041800403,248,PT06M31.00S,2,1610612761,TOR,202695,Leonard,K. Leonard,0,0,0,,0,,,0,v,Leonard STEAL (1 STL),,,1,0,170
0041800403,250,PT06M28.00S,2,1610612761,TOR,202695,Leonard,K. Leonard,0,0,0,,0,,,0,v,Leonard Offensive Charge Foul (P1.T3) (K.Fitzgerald),Foul,Offensive Charge,1,0,171
0041800403,252,PT06M28.00S,2,1610612761,TOR,202695,Leonard,K. Leonard,0,0,0,,0,,,0,v,Leonard Offensive Foul Turnover (P1.T5),Turnover,Offensive Foul Turnover,1,0,172
0041800403,253,PT06M28.00S,2,0,,1610612744,,,0,0,0,,0,,,0,h,WARRIORS Timeout: Regular (Full 3 Short 0),Timeout,Regular,0,0,173
0041800403,254,PT06M28.00S,2,1610612744,GSW,2733,Livingston,S. Livingston,0,0,0,,0,,,0,h,SUB: Iguodala FOR Livingston,Substitution,,0,0,174
0041800403,256,PT06M04.00S,2,1610612744,GSW,203110,Green,D. Green,-118,227,26,Missed,1,,,0,h,MISS Green 26' 3PT Jump Shot,Missed Shot,Jump Shot,1,3,175
0041800403,258,PT06M04.00S,2,0,,1610612744,,,0,0,0,,0,,,0,h,WARRIORS Rebound,Rebound,Unknown,0,0,176
0041800403,257,PT06M04.00S,2,0,,1610612744,,,0,0,0,,0,,,0,h,WARRIORS Turnover: Shot Clock (T#8),Turnover,Shot Clock Turnover,0,0,177
0041800403,259,PT05M41.00S,2,1610612761,TOR,1627832,VanVleet,F. VanVleet,-90,95,13,Missed,1,,,0,v,MISS VanVleet 13' Jump Shot,Missed Shot,Jump Shot,1,2,178
0041800403,260,PT05M38.00S,2,1610612744,GSW,203110,Green,D. Green,0,0,0,,0,,,0,h,Green REBOUND (Off:0 Def:2),Rebound,Unknown,1,0,179
0041800403,261,PT05M31.00S,2,1610612744,GSW,1628035,McKinnie,A. McKinnie,228,25,0,Missed,1,,,0,h,MISS McKinnie 3PT Jump Shot,Missed Shot,Jump Shot,1,3,180
0041800403,262,PT05M27.00S,2,1610612761,TOR,1627832,VanVleet,F. VanVleet,0,0,0,,0,,,0,v,VanVleet REBOUND (Off:0 Def:1),Rebound,Unknown,1,0,181
0041800403,263,PT05M22.00S,2,1610612761,TOR,200768,Lowry,K. Lowry,79,265,28,Missed,1,,,0,v,MISS Lowry 28' 3PT Jump Shot,Missed Shot,Jump Shot,1,3,182
0041800403,264,PT05M17.00S,2,1610612744,GSW,1628035,McKinnie,A. McKinnie,0,0,0,,0,,,0,h,McKinnie REBOUND (Off:0 Def:1),Rebound,Unknown,1,0,183
0041800403,265,PT05M12.00S,2,1610612744,GSW,203110,Green,D. Green,-64,13,7,Missed,1,,,0,h,MISS Green 7' Jump Shot,Missed Shot,Jump Shot,1,2,184
0041800403,266,PT05M08.00S,2,1610612744,GSW,1628035,McKinnie,A. McKinnie,0,0,0,,0,,,0,h,McKinnie REBOUND (Off:1 Def:1),Rebound,Unknown,1,0,185
0041800403,267,PT05M07.00S,2,1610612744,GSW,1628035,McKinnie,A. McKinnie,65,36,7,Missed,1,,,0,h,MISS McKinnie 7' Hook Shot,Missed Shot,Hook Shot,1,2,186
0041800403,268,PT05M07.00S,2,1610612744,GSW,201939,Curry,S. Curry,0,0,0,,0,,,0,h,Curry REBOUND (Off:2 Def:5),Rebound,Unknown,1,0,187
0041800403,269,PT05M01.00S,2,1610612744,GSW,2738,Iguodala,A. Iguodala,-114,235,26,Missed,1,,,0,h,MISS Iguodala 26' 3PT Jump Shot,Missed Shot,Jump Shot,1,3,188
0041800403,270,PT04M59.00S,2,0,,1610612761,,,0,0,0,,0,,,0,v,Raptors Rebound,Rebound,Unknown,0,0,189
0041800403,271,PT04M59.00S,2,1610612744,GSW,203110,Green,D. Green,0,0,0,,0,,,0,h,Green L.B.FOUL (P2.T3) (M.Davis),Foul,Loose Ball,1,0,190
0041800403,273,PT04M59.00S,2,1610612744,GSW,1628035,McKinnie,A. McKinnie,0,0,0,,0,,,0,h,SUB: Cook FOR McKinnie,Substitution,,0,0,191
0041800403,275,PT04M59.00S,2,1610612744,GSW,101106,Bogut,A. Bogut,0,0,0,,0,,,0,h,Bogut P.FOUL (P3.T4) (M.Davis),Foul,Personal,1,0,192
0041800403,277,PT04M33.00S,2,1610612761,TOR,1627783,Siakam,P. Siakam,-70,38,8,Missed,1,,,0,v,MISS Siakam 8' Jump Shot,Missed Shot,Jump Shot,1,2,193
0041800403,278,PT04M32.00S,2,1610612744,GSW,2738,Iguodala,A. Iguodala,0,0,0,,0,,,0,h,Iguodala REBOUND (Off:0 Def:2),Rebound,Unknown,1,0,194
0041800403,279,PT04M32.00S,2,1610612761,TOR,201188,Gasol,M. Gasol,0,0,0,,0,,,0,v,Gasol P.FOUL (P2.T4) (D.Guthrie),Foul,Personal,1,0,195
0041800403,281,PT04M21.00S,2,1610612744,GSW,203110,Green,D. Green,-4,15,2,Made,1,40,52,92,h,Green 2' Cutting Finger Roll Layup Shot (5 PTS) (Curry 4 AST),Made Shot,Cutting Finger Roll Layup Shot,1,2,196
0041800403,283,PT04M20.00S,2,0,,1610612761,,,0,0,0,,0,,,0,v,Raptors Timeout: Regular (Reg.2 Short 0),Timeout,Regular,0,0,197
0041800403,284,PT04M20.00S,2,1610612761,TOR,1627832,VanVleet,F. VanVleet,0,0,0,,0,,,0,v,SUB: Powell FOR VanVleet,Substitution,,0,0,198
0041800403,286,PT04M02.00S,2,1610612761,TOR,1627783,Siakam,P. Siakam,-72,60,9,Missed,1,,,0,v,MISS Siakam 9' Hook Shot,Missed Shot,Hook Shot,1,2,199
0041800403,287,PT03M58.00S,2,1610612744,GSW,101106,Bogut,A. Bogut,0,0,0,,0,,,0,h,Bogut REBOUND (Off:1 Def:2),Rebound,Unknown,1,0,200
0041800403,288,PT03M43.00S,2,1610612744,GSW,1626188,Cook,Q. Cook,57,126,14,Missed,1,,,0,h,MISS Cook 14' Driving Floating Jump Shot,Missed Shot,Driving Floating Jump Shot,1,2,201
0041800403,289,PT03M40.00S,2,1610612761,TOR,201188,Gasol,M. Gasol,0,0,0,,0,,,0,v,Gasol REBOUND (Off:0 Def:2),Rebound,Unknown,1,0,202
0041800403,290,PT03M20.00S,2,1610612761,TOR,202695,Leonard,K. Leonard,0,0,0,,0,,,0,v,Leonard Lost Ball Turnover (P2.T6),Turnover,Lost Ball,1,0,203
0041800403,290,PT03M20.00S,2,1610612744,GSW,2738,Iguodala,A. Iguodala,0,0,0,,0,,,0,h,Iguodala STEAL (1 STL),,,1,0,204
0041800403,292,PT03M13.00S,2,1610612761,TOR,201188,Gasol,M. Gasol,0,0,0,,0,,,0,v,Gasol S.FOUL (P3.PN) (K.Fitzgerald),Foul,Shooting,1,0,205
0041800403,294,PT03M13.00S,2,1610612744,GSW,203110,Green,D. Green,0,0,0,,0,41,52,93,h,Green Free Throw 1 of 2 (6 PTS),Free Throw,Free Throw 1 of 2,0,0,206
0041800403,295,PT03M13.00S,2,1610612761,TOR,201188,Gasol,M. Gasol,0,0,0,,0,,,0,v,SUB: Ibaka FOR Gasol,Substitution,,0,0,207
0041800403,297,PT03M13.00S,2,1610612744,GSW,203110,Green,D. Green,0,0,0,,0,42,52,94,h,Green Free Throw 2 of 2 (7 PTS),Free Throw,Free Throw 2 of 2,0,0,208
0041800403,298,PT02M57.00S,2,1610612761,TOR,200768,Lowry,K. Lowry,180,197,27,Made,1,42,55,97,v,Lowry 27' 3PT Jump Shot (10 PTS) (Leonard 3 AST),Made Shot,Jump Shot,1,3,209
0041800403,300,PT02M49.00S,2,1610612761,TOR,200768,Lowry,K. Lowry,0,0,0,,0,,,0,v,Lowry S.FOUL (P1.PN) (D.Guthrie),Foul,Shooting,1,0,210
0041800403,302,PT02M49.00S,2,1610612744,GSW,201939,Curry,S. Curry,0,0,0,,0,43,55,98,h,Curry Free Throw 1 of 2 (18 PTS),Free Throw,Free Throw 1 of 2,0,0,211
0041800403,303,PT02M49.00S,2,1610612744,GSW,201939,Curry,S. Curry,0,0,0,,0,44,55,99,h,Curry Free Throw 2 of 2 (19 PTS),Free Throw,Free Throw 2 of 2,0,0,212
0041800403,304,PT02M23.00S,2,1610612761,TOR,202695,Leonard,K. Leonard,209,157,26,Missed,1,,,0,v,MISS Leonard 26' 3PT Fadeaway Jumper,Missed Shot,Fadeaway Jump Shot,1,3,213
0041800403,305,PT02M20.00S,2,1610612744,GSW,201939,Curry,S. Curry,0,0,0,,0,,,0,h,Curry REBOUND (Off:2 Def:6),Rebound,Unknown,1,0,214
0041800403,306,PT02M18.00S,2,1610612744,GSW,201939,Curry,S. Curry,99,279,30,Made,1,47,55,102,h,Curry 30' 3PT Pullup Jump Shot (22 PTS),Made Shot,Pullup Jump shot,1,3,215
0041800403,307,PT02M00.00S,2,1610612761,TOR,200768,Lowry,K. Lowry,-23,41,5,Missed,1,,,0,v,MISS Lowry 5' Layup,Missed Shot,Layup Shot,1,2,216
0041800403,309,PT02M00.00S,2,0,,1610612761,,,0,0,0,,0,,,0,v,Raptors Rebound,Rebound,Unknown,0,0,217
0041800403,311,PT01M54.00S,2,1610612761,TOR,201586,Ibaka,S. Ibaka,0,0,0,,0,,,0,v,Ibaka Offensive Charge Foul (P2.PN) (K.Fitzgerald),Foul,Offensive Charge,1,0,218
0041800403,313,PT01M54.00S,2,1610612761,TOR,201586,Ibaka,S. Ibaka,0,0,0,,0,,,0,v,Ibaka Offensive Foul Turnover (P1.T7),Turnover,Offensive Foul Turnover,1,0,219
0041800403,314,PT01M48.00S,2,1610612761,TOR,200768,Lowry,K. Lowry,0,0,0,,0,,,0,v,Lowry P.FOUL (P2.PN) (D.Guthrie),Foul,Personal,1,0,220
0041800403,316,PT01M48.00S,2,1610612744,GSW,201939,Curry,S. Curry,0,0,0,,0,48,55,103,h,Curry Free Throw 1 of 2 (23 PTS),Free Throw,Free Throw 1 of 2,0,0,221
0041800403,317,PT01M48.00S,2,1610612744,GSW,201939,Curry,S. Curry,0,0,0,,0,,,0,h,MISS Curry Free Throw 2 of 2,Free Throw,Free Throw 2 of 2,0,0,222
0041800403,318,PT01M46.00S,2,1610612761,TOR,1627783,Siakam,P. Siakam,0,0,0,,0,,,0,v,Siakam REBOUND (Off:1 Def:3),Rebound,Unknown,1,0,223
0041800403,319,PT01M31.00S,2,1610612761,TOR,1627783,Siakam,P. Siakam,-228,33,0,Missed,1,,,0,v,MISS Siakam 3PT Jump Shot,Missed Shot,Jump Shot,1,3,224
0041800403,320,PT01M26.00S,2,1610612744,GSW,1626188,Cook,Q. Cook,0,0,0,,0,,,0,h,Cook REBOUND (Off:0 Def:1),Rebound,Unknown,1,0,225
0041800403,321,PT01M21.00S,2,1610612744,GSW,203110,Green,D. Green,0,0,0,,0,,,0,h,Green Bad Pass Turnover (P3.T9),Turnover,Bad Pass,1,0,226
0041800403,321,PT01M21.00S,2,1610612761,TOR,201586,Ibaka,S. Ibaka,0,0,0,,0,,,0,v,Ibaka STEAL (1 STL),,,1,0,227
0041800403,323,PT01M16.00S,2,1610612761,TOR,202695,Leonard,K. Leonard,120,215,25,Missed,1,,,0,v,MISS Leonard 25' 3PT Jump Shot,Missed Shot,Jump Shot,1,3,228
0041800403,324,PT01M12.00S,2,1610612744,GSW,101106,Bogut,A. Bogut,0,0,0,,0,,,0,h,Bogut REBOUND (Off:1 Def:3),Rebound,Unknown,1,0,229
0041800403,325,PT01M10.00S,2,1610612744,GSW,1626188,Cook,Q. Cook,0,0,0,,0,,,0,h,Cook OFF.Foul (P2) (K.Fitzgerald),Foul,Offensive,1,0,230
0041800403,327,PT01M10.00S,2,1610612744,GSW,1626188,Cook,Q. Cook,0,0,0,,0,,,0,h,Cook Offensive Foul Turnover (P1.T10),Turnover,Offensive Foul Turnover,1,0,231
0041800403,328,PT00M53.60S,2,1610612761,TOR,202695,Leonard,K. Leonard,0,0,0,,0,,,0,v,Leonard Offensive Charge Foul (P2.PN) (K.Fitzgerald),Foul,Offensive Charge,1,0,232
0041800403,330,PT00M53.60S,2,1610612761,TOR,202695,Leonard,K. Leonard,0,0,0,,0,,,0,v,Leonard Offensive Foul Turnover (P3.T8),Turnover,Offensive Foul Turnover,1,0,233
0041800403,331,PT00M53.60S,2,1610612744,GSW,101106,Bogut,A. Bogut,0,0,0,,0,,,0,h,SUB: Bell FOR Bogut,Substitution,,0,0,234
0041800403,333,PT00M45.00S,2,1610612744,GSW,203110,Green,D. Green,66,64,9,Missed,1,,,0,h,MISS Green 9' Floating Jump Shot,Missed Shot,Floating Jump shot,1,2,235
0041800403,334,PT00M43.90S,2,1610612761,TOR,1627783,Siakam,P. Siakam,0,0,0,,0,,,0,v,Siakam REBOUND (Off:1 Def:4),Rebound,Unknown,1,0,236
0041800403,335,PT00M33.90S,2,1610612761,TOR,200768,Lowry,K. Lowry,-197,181,27,Made,1,48,58,106,v,Lowry 27' 3PT Jump Shot (13 PTS) (Ibaka 1 AST),Made Shot,Jump Shot,1,3,237
0041800403,337,PT00M31.40S,2,1610612761,TOR,200768,Lowry,K. Lowry,0,0,0,,0,,,0,v,Lowry P.FOUL (P3.PN) (M.Davis),Foul,Personal,1,0,238
0041800403,339,PT00M31.40S,2,1610612744,GSW,201939,Curry,S. Curry,0,0,0,,0,49,58,107,h,Curry Free Throw 1 of 2 (24 PTS),Free Throw,Free Throw 1 of 2,0,0,239
0041800403,340,PT00M31.40S,2,1610612744,GSW,201939,Curry,S. Curry,0,0,0,,0,50,58,108,h,Curry Free Throw 2 of 2 (25 PTS),Free Throw,Free Throw 2 of 2,0,0,240
0041800403,341,PT00M14.60S,2,1610612761,TOR,200768,Lowry,K. Lowry,8,26,3,Made,1,50,60,110,v,Lowry 3' Driving Layup (15 PTS),Made Shot,Driving Layup Shot,1,2,241
0041800403,342,PT00M02.20S,2,1610612744,GSW,2738,Iguodala,A. Iguodala,6,9,1,Made,1,52,60,112,h,Iguodala 1' Alley Oop Layup (2 PTS) (Cook 1 AST),Made Shot,Alley Oop Layup shot,1,2,242
0041800403,344,PT00M00.00S,2,0,,0,,,0,0,0,,0,52,60,112,,End of 2nd Period (10:17 PM EST),period,end,1,0,243
0041800403,353,PT12M00.00S,3,0,,0,,,0,0,0,,0,52,60,112,,Start of 3rd Period (10:33 PM EST),period,start,0,0,244
0041800403,354,PT11M44.00S,3,1610612744,GSW,202326,Cousins,D. Cousins,0,0,0,,0,,,0,h,Cousins S.FOUL (P2.T1) (M.Davis),Foul,Shooting,1,0,245
0041800403,356,PT11M44.00S,3,1610612761,TOR,201188,Gasol,M. Gasol,0,0,0,,0,52,61,113,v,Gasol Free Throw 1 of 2 (9 PTS),Free Throw,Free Throw 1 of 2,0,0,246
0041800403,357,PT11M44.00S,3,1610612761,TOR,201188,Gasol,M. Gasol,0,0,0,,0,52,62,114,v,Gasol Free Throw 2 of 2 (10 PTS),Free Throw,Free Throw 2 of 2,0,0,247
0041800403,358,PT11M30.00S,3,1610612744,GSW,202326,Cousins,D. Cousins,32,57,7,Missed,1,,,0,h,MISS Cousins 7' Layup,Missed Shot,Layup Shot,1,2,248
0041800403,359,PT11M29.00S,3,1610612744,GSW,203110,Green,D. Green,0,0,0,,0,,,0,h,Green REBOUND (Off:1 Def:2),Rebound,Unknown,1,0,249
0041800403,360,PT11M28.00S,3,1610612744,GSW,203110,Green,D. Green,0,-6,1,Missed,1,,,0,h,MISS Green 1' Tip Layup Shot,Missed Shot,Tip Layup Shot,1,2,250
0041800403,361,PT11M27.00S,3,1610612761,TOR,201188,Gasol,M. Gasol,0,0,0,,0,,,0,v,Gasol REBOUND (Off:0 Def:3),Rebound,Unknown,1,0,251
0041800403,362,PT11M22.00S,3,1610612761,TOR,202695,Leonard,K. Leonard,3,13,1,Made,1,52,64,116,v,Leonard 1' Running Layup (11 PTS) (Siakam 3 AST),Made Shot,Running Layup Shot,1,2,252
0041800403,364,PT11M04.00S,3,1610612744,GSW,202326,Cousins,D. Cousins,0,0,0,,0,,,0,h,Cousins Bad Pass Turnover (P3.T11),Turnover,Bad Pass,1,0,253
0041800403,364,PT11M04.00S,3,1610612761,TOR,1627832,VanVleet,F. VanVleet,0,0,0,,0,,,0,v,VanVleet STEAL (2 STL),,,1,0,254
0041800403,367,PT10M46.00S,3,1610612761,TOR,201188,Gasol,M. Gasol,12,13,2,Made,1,52,66,118,v,Gasol 2' Driving Layup (12 PTS) (Lowry 4 AST),Made Shot,Driving Layup Shot,1,2,255
0041800403,369,PT10M31.00S,3,1610612744,GSW,2738,Iguodala,A. Iguodala,-228,58,24,Made,1,55,66,121,h,Iguodala 24' 3PT Jump Shot (5 PTS) (Green 2 AST),Made Shot,Jump Shot,1,3,256
0041800403,372,PT10M01.00S,3,1610612761,TOR,1627832,VanVleet,F. VanVleet,-178,206,27,Missed,1,,,0,v,MISS VanVleet 27' 3PT Jump Shot,Missed Shot,Jump Shot,1,3,257
0041800403,373,PT09M59.00S,3,1610612744,GSW,202326,Cousins,D. Cousins,0,0,0,,0,,,0,h,Cousins REBOUND (Off:0 Def:2),Rebound,Unknown,1,0,258
0041800403,374,PT09M49.00S,3,1610612744,GSW,201939,Curry,S. Curry,119,57,13,Made,1,57,66,123,h,Curry 13' Floating Jump Shot (27 PTS) (Green 3 AST),Made Shot,Floating Jump shot,1,2,259
0041800403,376,PT09M28.00S,3,1610612761,TOR,1627783,Siakam,P. Siakam,0,0,0,,0,,,0,v,Siakam Step Out of Bounds Turnover (P1.T9),Turnover,Step Out of Bounds Turnover,1,0,260
0041800403,377,PT09M19.00S,3,1610612744,GSW,201939,Curry,S. Curry,3,17,2,Made,1,59,66,125,h,Curry 2' Cutting Layup Shot (29 PTS) (Cousins 2 AST),Made Shot,Cutting Layup Shot,1,2,261
0041800403,379,PT09M02.00S,3,1610612761,TOR,201188,Gasol,M. Gasol,0,0,0,,0,,,0,v,Gasol Lost Ball Turnover (P1.T10),Turnover,Lost Ball,1,0,262
0041800403,379,PT09M02.00S,3,1610612744,GSW,202326,Cousins,D. Cousins,0,0,0,,0,,,0,h,Cousins STEAL (1 STL),,,1,0,263
0041800403,381,PT08M55.00S,3,1610612744,GSW,202326,Cousins,D. Cousins,18,23,3,Missed,1,,,0,h,MISS Cousins 3' Layup,Missed Shot,Layup Shot,1,2,264
0041800403,382,PT08M54.00S,3,1610612761,TOR,1627783,Siakam,P. Siakam,0,0,0,,0,,,0,v,Siakam REBOUND (Off:1 Def:5),Rebound,Unknown,1,0,265
0041800403,383,PT08M45.00S,3,1610612761,TOR,202695,Leonard,K. Leonard,161,225,28,Made,1,59,69,128,v,Leonard 28' 3PT Jump Shot (14 PTS) (Siakam 4 AST),Made Shot,Jump Shot,1,3,266
0041800403,385,PT08M27.00S,3,1610612744,GSW,2738,Iguodala,A. Iguodala,221,117,25,Made,1,62,69,131,h,Iguodala 25' 3PT Jump Shot (8 PTS) (Livingston 2 AST),Made Shot,Jump Shot,1,3,267
0041800403,387,PT08M05.00S,3,1610612761,TOR,200768,Lowry,K. Lowry,228,21,0,Made,1,62,72,134,v,Lowry 3PT Jump Shot (18 PTS) (Gasol 1 AST),Made Shot,Jump Shot,1,3,268
0041800403,389,PT07M55.00S,3,1610612744,GSW,201939,Curry,S. Curry,118,59,13,Missed,1,,,0,h,MISS Curry 13' Floating Jump Shot,Missed Shot,Floating Jump shot,1,2,269
0041800403,390,PT07M53.00S,3,1610612761,TOR,200768,Lowry,K. Lowry,0,0,0,,0,,,0,v,Lowry REBOUND (Off:0 Def:2),Rebound,Unknown,1,0,270
0041800403,391,PT07M42.00S,3,1610612744,GSW,2733,Livingston,S. Livingston,0,0,0,,0,,,0,h,Livingston S.FOUL (P2.T2) (D.Guthrie),Foul,Shooting,1,0,271
0041800403,393,PT07M42.00S,3,1610612761,TOR,202695,Leonard,K. Leonard,0,0,0,,0,,,0,v,MISS Leonard Free Throw 1 of 2,Free Throw,Free Throw 1 of 2,0,0,272
0041800403,394,PT07M42.00S,3,0,,1610612761,,,0,0,0,,0,,,0,v,Raptors Rebound,Rebound,Normal Rebound,0,0,273
0041800403,395,PT07M42.00S,3,1610612761,TOR,202695,Leonard,K. Leonard,0,0,0,,0,62,73,135,v,Leonard Free Throw 2 of 2 (15 PTS),Free Throw,Free Throw 2 of 2,0,0,274
0041800403,396,PT07M31.00S,3,1610612744,GSW,201939,Curry,S. Curry,-18,285,29,Missed,1,,,0,h,MISS Curry 29' 3PT Jump Shot,Missed Shot,Jump Shot,1,3,275
0041800403,397,PT07M30.00S,3,1610612761,TOR,202695,Leonard,K. Leonard,0,0,0,,0,,,0,v,Leonard REBOUND (Off:0 Def:4),Rebound,Unknown,1,0,276
0041800403,398,PT07M23.00S,3,1610612761,TOR,201188,Gasol,M. Gasol,-180,190,26,Missed,1,,,0,v,MISS Gasol 26' 3PT Jump Shot,Missed Shot,Jump Shot,1,3,277
0041800403,399,PT07M21.00S,3,1610612744,GSW,2738,Iguodala,A. Iguodala,0,0,0,,0,,,0,h,Iguodala REBOUND (Off:0 Def:3),Rebound,Unknown,1,0,278
0041800403,400,PT07M15.00S,3,1610612744,GSW,202326,Cousins,D. Cousins,9,29,3,Missed,1,,,0,h,MISS Cousins 3' Layup,Missed Shot,Layup Shot,1,2,279
0041800403,400,PT07M15.00S,3,1610612761,TOR,202695,Leonard,K. Leonard,0,0,0,,0,,,0,v,Leonard BLOCK (1 BLK),,,1,2,280
0041800403,402,PT07M14.00S,3,1610612744,GSW,2733,Livingston,S. Livingston,0,0,0,,0,,,0,h,Livingston REBOUND (Off:1 Def:0),Rebound,Unknown,1,0,281
0041800403,403,PT07M13.00S,3,1610612744,GSW,2733,Livingston,S. Livingston,-17,32,4,Missed,1,,,0,h,MISS Livingston 4' Layup,Missed Shot,Layup Shot,1,2,282
0041800403,404,PT07M12.00S,3,1610612744,GSW,2738,Iguodala,A. Iguodala,0,0,0,,0,,,0,h,Iguodala REBOUND (Off:1 Def:3),Rebound,Unknown,1,0,283
0041800403,405,PT07M08.00S,3,1610612744,GSW,201939,Curry,S. Curry,-209,14,21,Missed,1,,,0,h,MISS Curry 21' Jump Shot,Missed Shot,Jump Shot,1,2,284
0041800403,406,PT07M07.00S,3,1610612761,TOR,201188,Gasol,M. Gasol,0,0,0,,0,,,0,v,Gasol REBOUND (Off:0 Def:4),Rebound,Unknown,1,0,285
0041800403,407,PT07M00.00S,3,1610612761,TOR,202695,Leonard,K. Leonard,-95,245,26,Missed,1,,,0,v,MISS Leonard 26' 3PT Pullup Jump Shot,Missed Shot,Pullup Jump shot,1,3,286
0041800403,408,PT06M59.00S,3,1610612744,GSW,2733,Livingston,S. Livingston,0,0,0,,0,,,0,h,Livingston REBOUND (Off:1 Def:1),Rebound,Unknown,1,0,287
0041800403,409,PT06M49.00S,3,1610612744,GSW,201939,Curry,S. Curry,3,27,3,Missed,1,,,0,h,MISS Curry 3' Layup,Missed Shot,Layup Shot,1,2,288
0041800403,409,PT06M49.00S,3,1610612761,TOR,202695,Leonard,K. Leonard,0,0,0,,0,,,0,v,Leonard BLOCK (2 BLK),,,1,2,289
0041800403,411,PT06M47.00S,3,1610612744,GSW,2738,Iguodala,A. Iguodala,0,0,0,,0,,,0,h,Iguodala REBOUND (Off:2 Def:3),Rebound,Unknown,1,0,290
0041800403,412,PT06M42.00S,3,1610612744,GSW,201939,Curry,S. Curry,-231,32,0,Made,1,65,73,138,h,Curry 3PT Jump Shot (32 PTS) (Iguodala 2 AST),Made Shot,Jump Shot,1,3,291
0041800403,414,PT06M30.00S,3,0,,1610612761,,,0,0,0,,0,,,0,v,Raptors Timeout: Regular (Reg.3 Short 0),Timeout,Regular,0,0,292
0041800403,416,PT06M30.00S,3,1610612744,GSW,202326,Cousins,D. Cousins,0,0,0,,0,,,0,h,SUB: Bogut FOR Cousins,Substitution,,0,0,293
0041800403,424,PT06M30.00S,3,1610612744,GSW,2733,Livingston,S. Livingston,0,0,0,,0,,,0,h,SUB: Cook FOR Livingston,Substitution,,0,0,294
0041800403,418,PT06M19.00S,3,1610612761,TOR,1627832,VanVleet,F. VanVleet,143,221,26,Made,1,65,76,141,v,VanVleet 26' 3PT Pullup Jump Shot (6 PTS) (Gasol 2 AST),Made Shot,Pullup Jump shot,1,3,295
0041800403,419,PT06M04.00S,3,1610612744,GSW,201939,Curry,S. Curry,4,50,5,Made,1,67,76,143,h,Curry 5' Running Finger Roll Layup (34 PTS),Made Shot,Running Finger Roll Layup Shot,1,2,296
0041800403,420,PT05M45.00S,3,1610612761,TOR,202695,Leonard,K. Leonard,5,82,8,Made,1,67,78,145,v,Leonard 8' Turnaround Hook Shot (17 PTS),Made Shot,Turnaround Hook Shot,1,2,297
0041800403,421,PT05M35.00S,3,1610612744,GSW,2738,Iguodala,A. Iguodala,-2,13,1,Made,1,69,78,147,h,Iguodala 1' Alley Oop Dunk (10 PTS) (Green 4 AST),Made Shot,Alley Oop Dunk Shot,1,2,298
0041800403,423,PT05M09.00S,3,1610612761,TOR,200768,Lowry,K. Lowry,-114,30,12,Missed,1,,,0,v,MISS Lowry 12' Fadeaway Jumper,Missed Shot,Fadeaway Jump Shot,1,2,299
0041800403,426,PT05M09.00S,3,1610612744,GSW,203110,Green,D. Green,0,0,0,,0,,,0,h,Green REBOUND (Off:1 Def:3),Rebound,Unknown,1,0,300
0041800403,427,PT04M56.00S,3,1610612761,TOR,202695,Leonard,K. Leonard,0,0,0,,0,,,0,v,Leonard P.FOUL (P3.T1) (D.Guthrie),Foul,Personal,1,0,301
0041800403,429,PT04M56.00S,3,1610612761,TOR,200768,Lowry,K. Lowry,0,0,0,,0,,,0,v,SUB: Green FOR Lowry,Substitution,,0,0,302
0041800403,431,PT04M49.00S,3,1610612744,GSW,201939,Curry,S. Curry,0,0,0,,0,,,0,h,Curry Lost Ball Turnover (P3.T12),Turnover,Lost Ball,1,0,303
0041800403,431,PT04M49.00S,3,1610612761,TOR,1627832,VanVleet,F. VanVleet,0,0,0,,0,,,0,v,VanVleet STEAL (3 STL),,,1,0,304
0041800403,433,PT04M40.00S,3,1610612761,TOR,1627783,Siakam,P. Siakam,-5,27,3,Missed,1,,,0,v,MISS Siakam 3' Layup,Missed Shot,Layup Shot,1,2,305
0041800403,433,PT04M40.00S,3,1610612744,GSW,101106,Bogut,A. Bogut,0,0,0,,0,,,0,h,Bogut BLOCK (1 BLK),,,1,2,306
0041800403,435,PT04M39.00S,3,1610612744,GSW,101106,Bogut,A. Bogut,0,0,0,,0,,,0,h,Bogut REBOUND (Off:1 Def:4),Rebound,Unknown,1,0,307
0041800403,436,PT04M35.00S,3,1610612744,GSW,203110,Green,D. Green,3,20,2,Made,1,71,78,149,h,Green 2' Running Layup (9 PTS),Made Shot,Running Layup Shot,1,2,308
0041800403,437,PT04M07.00S,3,1610612761,TOR,1627832,VanVleet,F. VanVleet,143,114,18,Made,1,71,80,151,v,VanVleet 18' Pullup Jump Shot (8 PTS) (Gasol 3 AST),Made Shot,Pullup Jump shot,1,2,309
0041800403,439,PT03M48.00S,3,1610612744,GSW,201939,Curry,S. Curry,123,223,25,Missed,1,,,0,h,MISS Curry 25' 3PT Pullup Jump Shot,Missed Shot,Pullup Jump shot,1,3,310
0041800403,440,PT03M47.00S,3,1610612744,GSW,101106,Bogut,A. Bogut,0,0,0,,0,,,0,h,Bogut REBOUND (Off:2 Def:4),Rebound,Unknown,1,0,311
0041800403,441,PT03M40.00S,3,1610612744,GSW,2738,Iguodala,A. Iguodala,-163,227,28,Missed,1,,,0,h,MISS Iguodala 28' 3PT Jump Shot,Missed Shot,Jump Shot,1,3,312
0041800403,442,PT03M38.00S,3,1610612761,TOR,1627783,Siakam,P. Siakam,0,0,0,,0,,,0,v,Siakam REBOUND (Off:1 Def:6),Rebound,Unknown,1,0,313
0041800403,443,PT03M32.00S,3,1610612761,TOR,202695,Leonard,K. Leonard,-16,260,26,Made,1,71,83,154,v,Leonard 26' 3PT Jump Shot (20 PTS) (Siakam 5 AST),Made Shot,Jump Shot,1,3,314
0041800403,445,PT03M23.00S,3,0,,1610612744,,,0,0,0,,0,,,0,h,WARRIORS Timeout: Regular (Full 4 Short 0),Timeout,Regular,0,0,315
0041800403,447,PT03M23.00S,3,1610612744,GSW,2738,Iguodala,A. Iguodala,0,0,0,,0,,,0,h,SUB: McKinnie FOR Iguodala,Substitution,,0,0,316
0041800403,448,PT03M23.00S,3,1610612761,TOR,201188,Gasol,M. Gasol,0,0,0,,0,,,0,v,SUB: Lowry FOR Gasol,Substitution,,0,0,317
0041800403,449,PT03M23.00S,3,1610612761,TOR,1627783,Siakam,P. Siakam,0,0,0,,0,,,0,v,SUB: Ibaka FOR Siakam,Substitution,,0,0,318
0041800403,453,PT03M15.00S,3,1610612744,GSW,101106,Bogut,A. Bogut,6,15,2,Made,1,73,83,156,h,Bogut 2' Cutting Layup Shot (4 PTS) (Curry 5 AST),Made Shot,Cutting Layup Shot,1,2,319
0041800403,455,PT02M54.00S,3,1610612761,TOR,202695,Leonard,K. Leonard,-163,192,25,Missed,1,,,0,v,MISS Leonard 25' 3PT Jump Shot,Missed Shot,Jump Shot,1,3,320
0041800403,456,PT02M52.00S,3,1610612744,GSW,203110,Green,D. Green,0,0,0,,0,,,0,h,Green REBOUND (Off:1 Def:4),Rebound,Unknown,1,0,321
0041800403,457,PT02M43.00S,3,1610612744,GSW,101106,Bogut,A. Bogut,-25,84,9,Made,1,75,83,158,h,Bogut 9' Turnaround Hook Shot (6 PTS) (Curry 6 AST),Made Shot,Turnaround Hook Shot,1,2,322
0041800403,459,PT02M35.00S,3,1610612744,GSW,203110,Green,D. Green,0,0,0,,0,,,0,h,Green P.FOUL (P3.T3) (M.Davis),Foul,Personal,1,0,323
0041800403,461,PT02M20.00S,3,1610612761,TOR,201980,Green,D. Green,99,268,29,Made,1,75,86,161,v,Green 29' 3PT Jump Shot (12 PTS) (VanVleet 1 AST),Made Shot,Jump Shot,1,3,324
0041800403,463,PT02M06.00S,3,1610612744,GSW,201939,Curry,S. Curry,-27,75,8,Missed,1,,,0,h,MISS Curry 8' Floating Jump Shot,Missed Shot,Floating Jump shot,1,2,325
0041800403,463,PT02M06.00S,3,1610612761,TOR,201586,Ibaka,S. Ibaka,0,0,0,,0,,,0,v,Ibaka BLOCK (2 BLK),,,1,2,326
0041800403,465,PT02M04.00S,3,1610612761,TOR,1627832,VanVleet,F. VanVleet,0,0,0,,0,,,0,v,VanVleet REBOUND (Off:0 Def:2),Rebound,Unknown,1,0,327
0041800403,466,PT01M57.00S,3,1610612761,TOR,201980,Green,D. Green,234,20,0,Made,1,75,89,164,v,Green 3PT Jump Shot (15 PTS) (Leonard 4 AST),Made Shot,Jump Shot,1,3,328
0041800403,468,PT01M43.00S,3,1610612744,GSW,201939,Curry,S. Curry,16,29,3,Missed,1,,,0,h,MISS Curry 3' Driving Layup,Missed Shot,Driving Layup Shot,1,2,329
0041800403,469,PT01M42.00S,3,1610612744,GSW,101106,Bogut,A. Bogut,0,0,0,,0,,,0,h,Bogut REBOUND (Off:3 Def:4),Rebound,Unknown,1,0,330
0041800403,470,PT01M42.00S,3,1610612744,GSW,101106,Bogut,A. Bogut,0,-6,1,Missed,1,,,0,h,MISS Bogut 1' Tip Layup Shot,Missed Shot,Tip Layup Shot,1,2,331
0041800403,471,PT01M40.00S,3,1610612761,TOR,201980,Green,D. Green,0,0,0,,0,,,0,v,Green REBOUND (Off:0 Def:5),Rebound,Unknown,1,0,332
0041800403,474,PT01M33.00S,3,1610612744,GSW,1628035,McKinnie,A. McKinnie,0,0,0,,0,,,0,h,McKinnie S.FOUL (P1.T4) (K.Fitzgerald),Foul,Shooting,1,0,333
0041800403,476,PT01M33.00S,3,1610612761,TOR,202695,Leonard,K. Leonard,0,0,0,,0,75,90,165,v,Leonard Free Throw 1 of 2 (21 PTS),Free Throw,Free Throw 1 of 2,0,0,334
0041800403,477,PT01M33.00S,3,1610612761,TOR,202695,Leonard,K. Leonard,0,0,0,,0,75,91,166,v,Leonard Free Throw 2 of 2 (22 PTS),Free Throw,Free Throw 2 of 2,0,0,335
0041800403,478,PT01M23.00S,3,1610612744,GSW,201939,Curry,S. Curry,-7,17,2,Made,1,77,91,168,h,Curry 2' Cutting Layup Shot (36 PTS) (Bogut 2 AST),Made Shot,Cutting Layup Shot,1,2,336
0041800403,480,PT01M18.00S,3,1610612761,TOR,200768,Lowry,K. Lowry,100,253,27,Missed,1,,,0,v,MISS Lowry 27' 3PT Running Pull-Up Jump Shot,Missed Shot,Running Pull-Up Jump Shot,1,3,337
0041800403,481,PT01M16.00S,3,1610612761,TOR,202695,Leonard,K. Leonard,0,0,0,,0,,,0,v,Leonard REBOUND (Off:1 Def:4),Rebound,Unknown,1,0,338
0041800403,482,PT01M10.00S,3,1610612761,TOR,201980,Green,D. Green,234,45,24,Missed,1,,,0,v,MISS Green 24' 3PT Jump Shot,Missed Shot,Jump Shot,1,3,339
0041800403,483,PT01M08.00S,3,0,,1610612761,,,0,0,0,,0,,,0,v,Raptors Rebound,Rebound,Unknown,0,0,340
0041800403,485,PT00M59.40S,3,1610612761,TOR,201586,Ibaka,S. Ibaka,-8,111,11,Missed,1,,,0,v,MISS Ibaka 11' Hook Shot,Missed Shot,Hook Shot,1,2,341
0041800403,486,PT00M58.90S,3,0,,1610612761,,,0,0,0,,0,,,0,v,Raptors Rebound,Rebound,Unknown,0,0,342
0041800403,487,PT00M58.90S,3,1610612744,GSW,1628035,McKinnie,A. McKinnie,0,0,0,,0,,,0,h,McKinnie L.B.FOUL (P2.PN) (D.Guthrie),Foul,Loose Ball,1,0,343
0041800403,489,PT00M58.90S,3,1610612761,TOR,202695,Leonard,K. Leonard,0,0,0,,0,77,92,169,v,Leonard Free Throw 1 of 2 (23 PTS),Free Throw,Free Throw 1 of 2,0,0,344
0041800403,490,PT00M58.90S,3,1610612744,GSW,101106,Bogut,A. Bogut,0,0,0,,0,,,0,h,SUB: Bell FOR Bogut,Substitution,,0,0,345
0041800403,492,PT00M58.90S,3,1610612761,TOR,202695,Leonard,K. Leonard,0,0,0,,0,77,93,170,v,Leonard Free Throw 2 of 2 (24 PTS),Free Throw,Free Throw 2 of 2,0,0,346
0041800403,493,PT00M53.20S,3,1610612744,GSW,201939,Curry,S. Curry,91,246,26,Made,1,80,93,173,h,Curry 26' 3PT Running Pull-Up Jump Shot (39 PTS),Made Shot,Running Pull-Up Jump Shot,1,3,347
0041800403,494,PT00M34.30S,3,1610612761,TOR,200768,Lowry,K. Lowry,5,38,4,Missed,1,,,0,v,MISS Lowry 4' Driving Layup,Missed Shot,Driving Layup Shot,1,2,348
0041800403,494,PT00M34.30S,3,1610612744,GSW,1628395,Bell,J. Bell,0,0,0,,0,,,0,h,Bell BLOCK (1 BLK),,,1,2,349
0041800403,496,PT00M32.30S,3,1610612761,TOR,202695,Leonard,K. Leonard,0,0,0,,0,,,0,v,Leonard REBOUND (Off:2 Def:4),Rebound,Unknown,1,0,350
0041800403,497,PT00M30.20S,3,1610612761,TOR,201980,Green,D. Green,128,243,27,Made,1,80,96,176,v,Green 27' 3PT Pullup Jump Shot (18 PTS) (Leonard 5 AST),Made Shot,Pullup Jump shot,1,3,351
0041800403,499,PT00M16.10S,3,1610612761,TOR,201586,Ibaka,S. Ibaka,0,0,0,,0,,,0,v,Raptors T.Foul (Def. 3 Sec Ibaka ) (D.Guthrie),Foul,Defense 3 Second,1,0,352
0041800403,500,PT00M16.10S,3,1610612744,GSW,201939,Curry,S. Curry,0,0,0,,0,81,96,177,h,Curry Free Throw Technical (40 PTS),Free Throw,Free Throw Technical,0,0,353
0041800403,501,PT00M16.10S,3,1610612744,GSW,1628395,Bell,J. Bell,0,0,0,,0,,,0,h,SUB: Jerebko FOR Bell,Substitution,,0,0,354
0041800403,503,PT00M09.30S,3,1610612744,GSW,1626188,Cook,Q. Cook,-6,223,22,Made,1,83,96,179,h,Cook 22' Step Back Jump Shot (7 PTS),Made Shot,Step Back Jump shot,1,2,355
0041800403,504,PT00M02.70S,3,1610612761,TOR,200768,Lowry,K. Lowry,6,66,7,Missed,1,,,0,v,MISS Lowry 7' Running Layup,Missed Shot,Running Layup Shot,1,2,356
0041800403,505,PT00M01.00S,3,1610612744,GSW,1628035,McKinnie,A. McKinnie,0,0,0,,0,,,0,h,McKinnie REBOUND (Off:1 Def:2),Rebound,Unknown,1,0,357
0041800403,506,PT00M00.00S,3,0,,0,,,0,0,0,,0,83,96,179,,End of 3rd Period (11:01 PM EST),period,end,1,0,358
0041800403,515,PT12M00.00S,4,0,,0,,,0,0,0,,0,83,96,179,,Start of 4th Period (11:03 PM EST),period,start,0,0,359
0041800403,516,PT11M44.00S,4,1610612761,TOR,201980,Green,D. Green,0,0,0,,0,,,0,v,Green S.FOUL (P4.T1) (D.Guthrie),Foul,Shooting,1,0,360
0041800403,518,PT11M44.00S,4,1610612744,GSW,2738,Iguodala,A. Iguodala,0,0,0,,0,84,96,180,h,Iguodala Free Throw 1 of 2 (11 PTS),Free Throw,Free Throw 1 of 2,0,0,361
0041800403,519,PT11M44.00S,4,1610612744,GSW,2738,Iguodala,A. Iguodala,0,0,0,,0,,,0,h,MISS Iguodala Free Throw 2 of 2,Free Throw,Free Throw 2 of 2,0,0,362
0041800403,520,PT11M41.00S,4,1610612761,TOR,200768,Lowry,K. Lowry,0,0,0,,0,,,0,v,Lowry REBOUND (Off:0 Def:3),Rebound,Unknown,1,0,363
0041800403,521,PT11M29.00S,4,1610612761,TOR,201980,Green,D. Green,132,220,26,Missed,1,,,0,v,MISS Green 26' 3PT Jump Shot,Missed Shot,Jump Shot,1,3,364
0041800403,522,PT11M27.00S,4,1610612744,GSW,2738,Iguodala,A. Iguodala,0,0,0,,0,,,0,h,Iguodala REBOUND (Off:2 Def:4),Rebound,Unknown,1,0,365
0041800403,523,PT11M22.00S,4,1610612744,GSW,1626188,Cook,Q. Cook,-180,59,19,Made,1,86,96,182,h,Cook 19' Jump Shot (9 PTS) (Iguodala 3 AST),Made Shot,Jump Shot,1,2,366
0041800403,525,PT11M07.00S,4,1610612761,TOR,201586,Ibaka,S. Ibaka,11,52,5,Missed,1,,,0,v,MISS Ibaka 5' Hook Shot,Missed Shot,Hook Shot,1,2,367
0041800403,525,PT11M07.00S,4,1610612744,GSW,1628395,Bell,J. Bell,0,0,0,,0,,,0,h,Bell BLOCK (2 BLK),,,1,2,368
0041800403,527,PT11M06.00S,4,1610612744,GSW,202326,Cousins,D. Cousins,0,0,0,,0,,,0,h,Cousins REBOUND (Off:0 Def:3),Rebound,Unknown,1,0,369
0041800403,528,PT11M02.00S,4,1610612744,GSW,1626188,Cook,Q. Cook,-7,16,2,Missed,1,,,0,h,MISS Cook 2' Running Layup,Missed Shot,Running Layup Shot,1,2,370
0041800403,528,PT11M02.00S,4,1610612761,TOR,201980,Green,D. Green,0,0,0,,0,,,0,v,Green BLOCK (1 BLK),,,1,2,371
0041800403,530,PT11M00.00S,4,1610612761,TOR,1627783,Siakam,P. Siakam,0,0,0,,0,,,0,v,Siakam REBOUND (Off:1 Def:7),Rebound,Unknown,1,0,372
0041800403,554,PT10M46.00S,4,1610612761,TOR,1627783,Siakam,P. Siakam,0,0,0,,0,,,0,v,Siakam Lost Ball Turnover (P2.T11),Turnover,Lost Ball,1,0,373
0041800403,554,PT10M46.00S,4,1610612744,GSW,1626188,Cook,Q. Cook,0,0,0,,0,,,0,h,Cook STEAL (1 STL),,,1,0,374
0041800403,534,PT10M38.00S,4,1610612744,GSW,1626188,Cook,Q. Cook,11,21,2,Missed,1,,,0,h,MISS Cook 2' Running Layup,Missed Shot,Running Layup Shot,1,2,375
0041800403,534,PT10M38.00S,4,1610612761,TOR,201586,Ibaka,S. Ibaka,0,0,0,,0,,,0,v,Ibaka BLOCK (3 BLK),,,1,2,376
0041800403,536,PT10M37.00S,4,0,,1610612744,,,0,0,0,,0,,,0,h,WARRIORS Rebound,Rebound,Unknown,0,0,377
0041800403,538,PT10M30.00S,4,1610612761,TOR,201586,Ibaka,S. Ibaka,0,0,0,,0,,,0,v,Ibaka S.FOUL (P3.T2) (M.Davis),Foul,Shooting,1,0,378
0041800403,540,PT10M30.00S,4,1610612744,GSW,201939,Curry,S. Curry,0,0,0,,0,87,96,183,h,Curry Free Throw 1 of 3 (41 PTS),Free Throw,Free Throw 1 of 3,0,0,379
0041800403,541,PT10M30.00S,4,1610612744,GSW,201939,Curry,S. Curry,0,0,0,,0,88,96,184,h,Curry Free Throw 2 of 3 (42 PTS),Free Throw,Free Throw 2 of 3,0,0,380
0041800403,542,PT10M30.00S,4,1610612744,GSW,201939,Curry,S. Curry,0,0,0,,0,89,96,185,h,Curry Free Throw 3 of 3 (43 PTS),Free Throw,Free Throw 3 of 3,0,0,381
0041800403,543,PT10M19.00S,4,1610612761,TOR,201586,Ibaka,S. Ibaka,144,131,19,Made,1,89,98,187,v,Ibaka 19' Jump Shot (4 PTS) (Lowry 5 AST),Made Shot,Jump Shot,1,2,382
0041800403,545,PT10M05.00S,4,1610612744,GSW,2738,Iguodala,A. Iguodala,131,216,25,Missed,1,,,0,h,MISS Iguodala 25' 3PT Jump Shot,Missed Shot,Jump Shot,1,3,383
0041800403,546,PT10M03.00S,4,1610612761,TOR,201586,Ibaka,S. Ibaka,0,0,0,,0,,,0,v,Ibaka REBOUND (Off:0 Def:2),Rebound,Unknown,1,0,384
0041800403,547,PT09M41.00S,4,1610612761,TOR,201980,Green,D. Green,198,188,27,Missed,1,,,0,v,MISS Green 27' 3PT Jump Shot,Missed Shot,Jump Shot,1,3,385
0041800403,548,PT09M39.00S,4,1610612761,TOR,201586,Ibaka,S. Ibaka,0,0,0,,0,,,0,v,Ibaka REBOUND (Off:1 Def:2),Rebound,Unknown,1,0,386
0041800403,549,PT09M36.00S,4,1610612761,TOR,201586,Ibaka,S. Ibaka,8,52,5,Made,1,89,100,189,v,Ibaka 5' Hook Shot (6 PTS),Made Shot,Hook Shot,1,2,387
0041800403,550,PT09M29.00S,4,1610612744,GSW,202326,Cousins,D. Cousins,-5,27,3,Missed,1,,,0,h,MISS Cousins 3' Layup,Missed Shot,Layup Shot,1,2,388
0041800403,552,PT09M28.00S,4,1610612761,TOR,201586,Ibaka,S. Ibaka,0,0,0,,0,,,0,v,Ibaka REBOUND (Off:1 Def:3),Rebound,Unknown,1,0,389
0041800403,553,PT09M21.00S,4,0,,1610612761,,,0,0,0,,0,,,0,v,Raptors Timeout: Regular (Reg.4 Short 0),Timeout,Regular,0,0,390
0041800403,556,PT09M21.00S,4,1610612744,GSW,202326,Cousins,D. Cousins,0,0,0,,0,,,0,h,SUB: Green FOR Cousins,Substitution,,0,0,391
0041800403,558,PT09M13.00S,4,1610612744,GSW,1628395,Bell,J. Bell,0,0,0,,0,,,0,h,Bell P.FOUL (P2.T1) (D.Guthrie),Foul,Personal,1,0,392
0041800403,560,PT09M01.00S,4,1610612761,TOR,200768,Lowry,K. Lowry,144,229,27,Missed,1,,,0,v,MISS Lowry 27' 3PT Pullup Jump Shot,Missed Shot,Pullup Jump shot,1,3,393
0041800403,561,PT09M01.00S,4,1610612744,GSW,203110,Green,D. Green,0,0,0,,0,,,0,h,Green REBOUND (Off:1 Def:5),Rebound,Unknown,1,0,394
0041800403,562,PT08M52.00S,4,1610612744,GSW,203110,Green,D. Green,0,0,0,,0,,,0,h,Green Bad Pass Turnover (P4.T13),Turnover,Bad Pass,1,0,395
0041800403,562,PT08M52.00S,4,1610612761,TOR,201586,Ibaka,S. Ibaka,0,0,0,,0,,,0,v,Ibaka STEAL (2 STL),,,1,0,396
0041800403,564,PT08M49.00S,4,1610612761,TOR,1627783,Siakam,P. Siakam,1,8,1,Made,1,89,102,191,v,Siakam 1' Running Dunk (16 PTS) (VanVleet 2 AST),Made Shot,Running Dunk Shot,1,2,397
0041800403,566,PT08M31.00S,4,1610612744,GSW,1626188,Cook,Q. Cook,140,221,26,Missed,1,,,0,h,MISS Cook 26' 3PT Jump Shot,Missed Shot,Jump Shot,1,3,398
0041800403,567,PT08M28.00S,4,1610612761,TOR,1627783,Siakam,P. Siakam,0,0,0,,0,,,0,v,Siakam REBOUND (Off:1 Def:8),Rebound,Unknown,1,0,399
0041800403,568,PT08M18.00S,4,1610612761,TOR,1627783,Siakam,P. Siakam,20,35,4,Missed,1,,,0,v,MISS Siakam 4' Driving Layup,Missed Shot,Driving Layup Shot,1,2,400
0041800403,569,PT08M16.00S,4,1610612744,GSW,1628395,Bell,J. Bell,0,0,0,,0,,,0,h,Bell REBOUND (Off:0 Def:1),Rebound,Unknown,1,0,401
0041800403,570,PT08M01.00S,4,1610612744,GSW,201939,Curry,S. Curry,3,120,12,Made,1,91,102,193,h,Curry 12' Pullup Jump Shot (45 PTS),Made Shot,Pullup Jump shot,1,2,402
0041800403,571,PT07M33.00S,4,1610612761,TOR,200768,Lowry,K. Lowry,-179,190,26,Made,1,91,105,196,v,Lowry 26' 3PT Step Back Jump Shot (21 PTS) (Siakam 6 AST),Made Shot,Step Back Jump shot,1,3,403
0041800403,573,PT07M16.00S,4,1610612744,GSW,201939,Curry,S. Curry,114,-5,11,Missed,1,,,0,h,MISS Curry 11' Floating Jump Shot,Missed Shot,Floating Jump shot,1,2,404
0041800403,574,PT07M15.00S,4,1610612761,TOR,200768,Lowry,K. Lowry,0,0,0,,0,,,0,v,Lowry REBOUND (Off:0 Def:4),Rebound,Unknown,1,0,405
0041800403,575,PT07M11.00S,4,1610612744,GSW,203110,Green,D. Green,0,0,0,,0,,,0,h,Green P.FOUL (P4.T2) (D.Guthrie),Foul,Personal,1,0,406
0041800403,577,PT07M11.00S,4,1610612744,GSW,2738,Iguodala,A. Iguodala,0,0,0,,0,,,0,h,SUB: McKinnie FOR Iguodala,Substitution,,0,0,407
0041800403,578,PT07M11.00S,4,1610612761,TOR,1627783,Siakam,P. Siakam,0,0,0,,0,,,0,v,SUB: Leonard FOR Siakam,Substitution,,0,0,408
0041800403,583,PT06M58.00S,4,1610612744,GSW,1628035,McKinnie,A. McKinnie,0,0,0,,0,,,0,h,McKinnie P.FOUL (P3.T3) (K.Fitzgerald),Foul,Personal,1,0,409
0041800403,585,PT06M58.00S,4,1610612744,GSW,1628395,Bell,J. Bell,0,0,0,,0,,,0,h,SUB: Bogut FOR Bell,Substitution,,0,0,410
0041800403,587,PT06M48.00S,4,1610612761,TOR,200768,Lowry,K. Lowry,6,162,16,Made,1,91,107,198,v,Lowry 16' Fadeaway Jumper (23 PTS),Made Shot,Fadeaway Jump Shot,1,2,411
0041800403,588,PT06M33.00S,4,1610612744,GSW,203110,Green,D. Green,147,215,26,Made,1,94,107,201,h,Green 26' 3PT Jump Shot (12 PTS) (Cook 2 AST),Made Shot,Jump Shot,1,3,412
0041800403,590,PT06M11.00S,4,1610612761,TOR,202695,Leonard,K. Leonard,106,92,14,Made,1,94,109,203,v,Leonard 14' Pullup Jump Shot (26 PTS) (Lowry 6 AST),Made Shot,Pullup Jump shot,1,2,413
0041800403,592,PT05M54.00S,4,1610612744,GSW,1626188,Cook,Q. Cook,0,0,0,,0,,,0,h,Cook Bad Pass Turnover (P2.T14),Turnover,Bad Pass,1,0,414
0041800403,592,PT05M54.00S,4,1610612761,TOR,202695,Leonard,K. Leonard,0,0,0,,0,,,0,v,Leonard STEAL (2 STL),,,1,0,415
0041800403,594,PT05M42.00S,4,1610612761,TOR,202695,Leonard,K. Leonard,-20,16,3,Made,1,94,111,205,v,Leonard 3' Driving Layup (28 PTS),Made Shot,Driving Layup Shot,1,2,416
0041800403,595,PT05M41.00S,4,0,,1610612744,,,0,0,0,,0,,,0,h,WARRIORS Timeout: Regular (Full 5 Short 0),Timeout,Regular,0,0,417
0041800403,596,PT05M41.00S,4,1610612744,GSW,1626188,Cook,Q. Cook,0,0,0,,0,,,0,h,SUB: Jerebko FOR Cook,Substitution,,0,0,418
0041800403,598,PT05M31.00S,4,1610612744,GSW,201973,Jerebko,J. Jerebko,9,50,5,Missed,1,,,0,h,MISS Jerebko 5' Driving Finger Roll Layup,Missed Shot,Driving Finger Roll Layup Shot,1,2,419
0041800403,598,PT05M31.00S,4,1610612761,TOR,201586,Ibaka,S. Ibaka,0,0,0,,0,,,0,v,Ibaka BLOCK (4 BLK),,,1,2,420
0041800403,600,PT05M30.00S,4,0,,1610612744,,,0,0,0,,0,,,0,h,WARRIORS Rebound,Rebound,Unknown,0,0,421
0041800403,602,PT05M27.00S,4,1610612744,GSW,201939,Curry,S. Curry,-217,149,26,Missed,1,,,0,h,MISS Curry 26' 3PT Step Back Jump Shot,Missed Shot,Step Back Jump shot,1,3,422
0041800403,603,PT05M27.00S,4,1610612744,GSW,201973,Jerebko,J. Jerebko,0,0,0,,0,,,0,h,Jerebko REBOUND (Off:1 Def:0),Rebound,Unknown,1,0,423
0041800403,604,PT05M23.00S,4,1610612744,GSW,203110,Green,D. Green,-19,268,27,Made,1,97,111,208,h,Green 27' 3PT Jump Shot (15 PTS) (Jerebko 1 AST),Made Shot,Jump Shot,1,3,424
0041800403,606,PT05M01.00S,4,1610612761,TOR,202695,Leonard,K. Leonard,-98,11,10,Made,1,97,113,210,v,Leonard 10' Jump Shot (30 PTS) (Lowry 7 AST),Made Shot,Jump Shot,1,2,425
0041800403,608,PT04M50.00S,4,1610612744,GSW,201939,Curry,S. Curry,59,49,8,Missed,1,,,0,h,MISS Curry 8' Driving Floating Jump Shot,Missed Shot,Driving Floating Jump Shot,1,2,426
0041800403,608,PT04M50.00S,4,1610612761,TOR,201586,Ibaka,S. Ibaka,0,0,0,,0,,,0,v,Ibaka BLOCK (5 BLK),,,1,2,427
0041800403,610,PT04M49.00S,4,0,,1610612744,,,0,0,0,,0,,,0,h,WARRIORS Rebound,Rebound,Unknown,0,0,428
0041800403,612,PT04M41.00S,4,1610612744,GSW,1628035,McKinnie,A. McKinnie,-229,34,0,Missed,1,,,0,h,MISS McKinnie 3PT Jump Shot,Missed Shot,Jump Shot,1,3,429
0041800403,613,PT04M37.00S,4,1610612761,TOR,202695,Leonard,K. Leonard,0,0,0,,0,,,0,v,Leonard REBOUND (Off:2 Def:5),Rebound,Unknown,1,0,430
0041800403,614,PT04M28.00S,4,1610612761,TOR,202695,Leonard,K. Leonard,25,24,3,Missed,1,,,0,v,MISS Leonard 3' Driving Layup,Missed Shot,Driving Layup Shot,1,2,431
0041800403,615,PT04M28.00S,4,1610612744,GSW,203110,Green,D. Green,0,0,0,,0,,,0,h,Green REBOUND (Off:1 Def:6),Rebound,Unknown,1,0,432
0041800403,616,PT04M24.00S,4,1610612744,GSW,201973,Jerebko,J. Jerebko,22,32,4,Missed,1,,,0,h,MISS Jerebko 4' Running Layup,Missed Shot,Running Layup Shot,1,2,433
0041800403,616,PT04M24.00S,4,1610612761,TOR,200768,Lowry,K. Lowry,0,0,0,,0,,,0,v,Lowry BLOCK (1 BLK),,,1,2,434
0041800403,618,PT04M23.00S,4,0,,1610612744,,,0,0,0,,0,,,0,h,WARRIORS Rebound,Rebound,Unknown,0,0,435
0041800403,620,PT04M16.00S,4,1610612744,GSW,201973,Jerebko,J. Jerebko,-148,239,28,Made,1,100,113,213,h,Jerebko 28' 3PT Jump Shot (3 PTS) (Curry 7 AST),Made Shot,Jump Shot,1,3,436
0041800403,622,PT03M52.00S,4,1610612761,TOR,202695,Leonard,K. Leonard,0,0,0,,0,,,0,v,Leonard Lost Ball Turnover (P4.T12),Turnover,Lost Ball,1,0,437
0041800403,622,PT03M52.00S,4,1610612744,GSW,101106,Bogut,A. Bogut,0,0,0,,0,,,0,h,Bogut STEAL (1 STL),,,1,0,438
0041800403,624,PT03M49.00S,4,1610612744,GSW,203110,Green,D. Green,10,34,4,Missed,1,,,0,h,MISS Green 4' Running Layup,Missed Shot,Running Layup Shot,1,2,439
0041800403,624,PT03M49.00S,4,1610612761,TOR,201586,Ibaka,S. Ibaka,0,0,0,,0,,,0,v,Ibaka BLOCK (6 BLK),,,1,2,440
0041800403,625,PT03M48.00S,4,1610612744,GSW,201973,Jerebko,J. Jerebko,0,0,0,,0,,,0,h,Jerebko REBOUND (Off:2 Def:0),Rebound,Unknown,1,0,441
0041800403,626,PT03M47.00S,4,1610612761,TOR,1627832,VanVleet,F. VanVleet,0,0,0,,0,,,0,v,VanVleet S.FOUL (P3.T3) (D.Guthrie),Foul,Shooting,1,0,442
0041800403,628,PT03M47.00S,4,1610612744,GSW,201973,Jerebko,J. Jerebko,0,0,0,,0,101,113,214,h,Jerebko Free Throw 1 of 2 (4 PTS),Free Throw,Free Throw 1 of 2,0,0,443
0041800403,629,PT03M47.00S,4,0,,1610612761,,,0,0,0,,0,,,0,v,Raptors Timeout: Regular (Reg.5 Short 0),Timeout,Regular,0,0,444
0041800403,631,PT03M47.00S,4,1610612744,GSW,201973,Jerebko,J. Jerebko,0,0,0,,0,,,0,h,MISS Jerebko Free Throw 2 of 2,Free Throw,Free Throw 2 of 2,0,0,445
0041800403,632,PT03M45.00S,4,1610612761,TOR,201586,Ibaka,S. Ibaka,0,0,0,,0,,,0,v,Ibaka REBOUND (Off:1 Def:4),Rebound,Unknown,1,0,446
0041800403,633,PT03M42.00S,4,1610612761,TOR,201586,Ibaka,S. Ibaka,0,0,0,,0,,,0,v,Ibaka Lost Ball Turnover (P2.T13),Turnover,Lost Ball,1,0,447
0041800403,633,PT03M42.00S,4,1610612744,GSW,203110,Green,D. Green,0,0,0,,0,,,0,h,Green STEAL (2 STL),,,1,0,448
0041800403,635,PT03M41.00S,4,1610612761,TOR,201586,Ibaka,S. Ibaka,0,0,0,,0,,,0,v,Ibaka S.FOUL (P4.T4) (D.Guthrie),Foul,Shooting,1,0,449
0041800403,637,PT03M41.00S,4,1610612744,GSW,1628035,McKinnie,A. McKinnie,0,0,0,,0,,,0,h,MISS McKinnie Free Throw 1 of 1,Free Throw,Free Throw 1 of 1,0,0,450
0041800403,638,PT03M41.00S,4,0,,1610612744,,,0,0,0,,0,,,0,h,WARRIORS Rebound,Rebound,Normal Rebound,0,0,451
0041800403,702,PT03M41.00S,4,1610612744,GSW,101106,Bogut,A. Bogut,0,0,0,,0,,,0,h,Bogut Offensive Goaltending Turnover (P1.T15),Turnover,Offensive Goaltending,0,0,452
0041800403,639,PT03M41.00S,4,1610612761,TOR,201586,Ibaka,S. Ibaka,0,0,0,,0,,,0,v,SUB: Gasol FOR Ibaka,Substitution,,0,0,453
0041800403,644,PT03M30.00S,4,1610612761,TOR,200768,Lowry,K. Lowry,0,0,0,,0,,,0,v,Lowry Bad Pass Turnover (P3.T14),Turnover,Bad Pass,1,0,454
0041800403,644,PT03M30.00S,4,1610612744,GSW,201939,Curry,S. Curry,0,0,0,,0,,,0,h,Curry STEAL (1 STL),,,1,0,455
0041800403,646,PT03M27.00S,4,1610612761,TOR,201980,Green,D. Green,0,0,0,,0,,,0,v,Green P.FOUL (P5.PN) (K.Fitzgerald),Foul,Personal,1,0,456
0041800403,648,PT03M27.00S,4,1610612744,GSW,201939,Curry,S. Curry,0,0,0,,0,102,113,215,h,Curry Free Throw 1 of 2 (46 PTS),Free Throw,Free Throw 1 of 2,0,0,457
0041800403,651,PT03M27.00S,4,1610612744,GSW,201939,Curry,S. Curry,0,0,0,,0,103,113,216,h,Curry Free Throw 2 of 2 (47 PTS),Free Throw,Free Throw 2 of 2,0,0,458
0041800403,649,PT03M27.00S,4,1610612761,TOR,201980,Green,D. Green,0,0,0,,0,,,0,v,SUB: Siakam FOR Green,Substitution,,0,0,459
0041800403,652,PT03M02.00S,4,1610612761,TOR,201188,Gasol,M. Gasol,3,77,8,Made,1,103,115,218,v,Gasol 8' Turnaround Hook Shot (14 PTS) (Lowry 8 AST),Made Shot,Turnaround Hook Shot,1,2,460
0041800403,654,PT02M52.00S,4,1610612744,GSW,201973,Jerebko,J. Jerebko,228,94,25,Missed,1,,,0,h,MISS Jerebko 25' 3PT Jump Shot,Missed Shot,Jump Shot,1,3,461
0041800403,655,PT02M48.00S,4,1610612761,TOR,201188,Gasol,M. Gasol,0,0,0,,0,,,0,v,Gasol REBOUND (Off:0 Def:5),Rebound,Unknown,1,0,462
0041800403,656,PT02M48.00S,4,1610612761,TOR,201188,Gasol,M. Gasol,0,0,0,,0,,,0,v,Gasol Lost Ball Turnover (P2.T15),Turnover,Lost Ball,1,0,463
0041800403,656,PT02M48.00S,4,1610612744,GSW,201939,Curry,S. Curry,0,0,0,,0,,,0,h,Curry STEAL (2 STL),,,1,0,464
0041800403,658,PT02M47.00S,4,1610612744,GSW,201939,Curry,S. Curry,-226,104,25,Missed,1,,,0,h,MISS Curry 25' 3PT Jump Shot,Missed Shot,Jump Shot,1,3,465
0041800403,659,PT02M47.00S,4,0,,1610612744,,,0,0,0,,0,,,0,h,WARRIORS Rebound,Rebound,Unknown,0,0,466
0041800403,660,PT02M38.00S,4,1610612744,GSW,201939,Curry,S. Curry,0,0,0,,0,,,0,h,Jump Ball Curry vs. Lowry: Tip to Green,Jump Ball,,1,0,467
0041800403,663,PT02M28.00S,4,1610612744,GSW,203110,Green,D. Green,-1,21,2,Made,1,105,115,220,h,Green 2' Driving Layup (17 PTS) (Bogut 3 AST),Made Shot,Driving Layup Shot,1,2,468
0041800403,664,PT02M03.00S,4,1610612761,TOR,1627832,VanVleet,F. VanVleet,-232,-7,0,Missed,1,,,0,v,MISS VanVleet 3PT Jump Shot,Missed Shot,Jump Shot,1,3,469
0041800403,665,PT02M00.00S,4,1610612761,TOR,1627832,VanVleet,F. VanVleet,0,0,0,,0,,,0,v,VanVleet REBOUND (Off:1 Def:2),Rebound,Unknown,1,0,470
0041800403,666,PT01M53.00S,4,1610612744,GSW,1628035,McKinnie,A. McKinnie,0,0,0,,0,,,0,h,McKinnie P.FOUL (P4.T4) (K.Fitzgerald),Foul,Personal,1,0,471
0041800403,668,PT01M39.00S,4,1610612761,TOR,1627832,VanVleet,F. VanVleet,180,213,28,Made,1,105,118,223,v,VanVleet 28' 3PT Jump Shot (11 PTS) (Leonard 6 AST),Made Shot,Jump Shot,1,3,472
0041800403,670,PT01M37.00S,4,0,,1610612744,,,0,0,0,,0,,,0,h,WARRIORS Timeout: Regular (Full 6 Short 0),Timeout,Regular,0,0,473
0041800403,672,PT01M37.00S,4,1610612744,GSW,101106,Bogut,A. Bogut,0,0,0,,0,,,0,h,SUB: Evans FOR Bogut,Substitution,,0,0,474
0041800403,673,PT01M37.00S,4,1610612744,GSW,203110,Green,D. Green,0,0,0,,0,,,0,h,SUB: Jones FOR Green,Substitution,,0,0,475
0041800403,674,PT01M37.00S,4,1610612744,GSW,201939,Curry,S. Curry,0,0,0,,0,,,0,h,SUB: Bell FOR Curry,Substitution,,0,0,476
0041800403,678,PT01M24.00S,4,1610612744,GSW,1628980,Evans,J. Evans,2,199,20,Missed,1,,,0,h,MISS Evans 20' Pullup Jump Shot,Missed Shot,Pullup Jump shot,1,2,477
0041800403,679,PT01M24.00S,4,1610612744,GSW,1628395,Bell,J. Bell,0,0,0,,0,,,0,h,Bell REBOUND (Off:1 Def:1),Rebound,Unknown,1,0,478
0041800403,680,PT01M22.00S,4,1610612744,GSW,1628395,Bell,J. Bell,0,-6,1,Made,1,107,118,225,h,Bell 1' Tip Dunk Shot (2 PTS),Made Shot,Tip Dunk Shot,1,2,479
0041800403,681,PT01M07.00S,4,1610612761,TOR,201188,Gasol,M. Gasol,-183,179,26,Made,1,107,121,228,v,Gasol 26' 3PT Jump Shot (17 PTS) (Lowry 9 AST),Made Shot,Jump Shot,1,3,480
0041800403,683,PT00M51.70S,4,1610612761,TOR,201188,Gasol,M. Gasol,0,0,0,,0,,,0,v,Gasol S.FOUL (P4.PN) (K.Fitzgerald),Foul,Shooting,1,0,481
0041800403,685,PT00M51.70S,4,1610612744,GSW,201973,Jerebko,J. Jerebko,0,0,0,,0,108,121,229,h,Jerebko Free Throw 1 of 2 (5 PTS),Free Throw,Free Throw 1 of 2,0,0,482
0041800403,686,PT00M51.70S,4,1610612761,TOR,202695,Leonard,K. Leonard,0,0,0,,0,,,0,v,SUB: Meeks FOR Leonard,Substitution,,0,0,483
0041800403,687,PT00M51.70S,4,1610612761,TOR,200768,Lowry,K. Lowry,0,0,0,,0,,,0,v,SUB: Lin FOR Lowry,Substitution,,0,0,484
0041800403,688,PT00M51.70S,4,1610612761,TOR,1627832,VanVleet,F. VanVleet,0,0,0,,0,,,0,v,SUB: Miller FOR VanVleet,Substitution,,0,0,485
0041800403,692,PT00M51.70S,4,1610612744,GSW,201973,Jerebko,J. Jerebko,0,0,0,,0,109,121,230,h,Jerebko Free Throw 2 of 2 (6 PTS),Free Throw,Free Throw 2 of 2,0,0,486
0041800403,693,PT00M38.40S,4,1610612761,TOR,1627783,Siakam,P. Siakam,6,53,5,Made,1,109,123,232,v,Siakam 5' Cutting Layup Shot (18 PTS) (Gasol 4 AST),Made Shot,Cutting Layup Shot,1,2,487
0041800403,695,PT00M29.00S,4,1610612744,GSW,1628980,Evans,J. Evans,-7,99,10,Missed,1,,,0,h,MISS Evans 10' Driving Floating Jump Shot,Missed Shot,Driving Floating Jump Shot,1,2,488
0041800403,696,PT00M27.80S,4,1610612761,TOR,201188,Gasol,M. Gasol,0,0,0,,0,,,0,v,Gasol REBOUND (Off:0 Def:6),Rebound,Unknown,1,0,489
0041800403,697,PT00M04.70S,4,0,,1610612761,,,0,0,0,,0,,,0,v,Raptors Turnover: Shot Clock (T#16),Turnover,Shot Clock Turnover,0,0,490
0041800403,698,PT00M01.20S,4,1610612744,GSW,1628980,Evans,J. Evans,-50,274,28,Missed,1,,,0,h,MISS Evans 28' 3PT Pullup Jump Shot,Missed Shot,Pullup Jump shot,1,3,491
0041800403,699,PT00M00.50S,4,1610612761,TOR,201188,Gasol,M. Gasol,0,0,0,,0,,,0,v,Gasol REBOUND (Off:0 Def:7),Rebound,Unknown,1,0,492
0041800403,700,PT00M00.00S,4,0,,0,,,0,0,0,,0,109,123,232,,End of 4th Period (11:39 PM EST),period,end,1,0,493
