shot,frame,type,team,from_pid,to_pid,dist_m,gap_s
0,56,pass,dark,s0-p2,s0-p14,5.9,0.2
0,167,pass,dark,s0-p0,s0-p2,3.2,0.2
1,435,interception,dark,s1-p14,s1-p1,6.8,0.23
1,441,pass,dark,s1-p1,s1-p22,8.4,0.07
1,599,pass,light,s1-p14,s1-p28,3.9,0.03
1,607,pass,light,s1-p28,s1-p14,3.5,0.1
3,760,interception,dark,s3-p5,s3-p2,1.3,0.03
3,945,pass,dark,s3-p3,s3-p13,5.9,1.2
3,951,pass,dark,s3-p13,s3-p4,5.3,0.07
3,964,pass,dark,s3-p4,s3-p13,4.8,0.1
7,1281,pass,dark,s7-p3,s7-p4,8.3,0.33
7,1463,interception,dark,s7-p27,s7-p3,11.3,0.3
9,1615,pass,dark,s9-p1,s9-p3,8.7,0.23
17,2501,interception,dark,s17-p3,s17-p19,2.4,1.0
18,2597,pass,light,s18-p2,s18-p8,2.6,0.47
23,3103,interception,light,s23-p2,s23-p0,9.0,0.43
24,3303,pass,dark,s24-p4,s24-p8,5.2,0.17
24,3311,pass,dark,s24-p8,s24-p4,5.6,0.03
31,4098,pass,light,s31-p14,s31-p13,9.2,0.23
36,4662,pass,dark,s36-p9,s36-p12,4.3,0.9
37,4912,pass,light,s37-p6,s37-p16,5.6,0.03
44,5884,pass,dark,s44-p17,s44-p16,4.8,0.13
44,5894,interception,light,s44-p16,s44-p2,3.5,0.13
44,5923,pass,light,s44-p2,s44-p20,4.9,0.83
44,5966,interception,dark,s44-p20,s44-p17,3.6,0.57
44,5983,pass,dark,s44-p17,s44-p4,2.6,0.13
46,6241,pass,dark,s46-p12,s46-p2,5.4,0.03
46,6248,pass,dark,s46-p2,s46-p12,5.1,0.03
48,6460,pass,light,s48-p1,s48-p2,4.0,0.03
70,9352,pass,dark,s70-p5,s70-p13,3.1,1.97
79,10578,interception,light,s79-p0,s79-p2,2.5,0.27
79,10665,interception,light,s79-p17,s79-p5,5.5,0.1
