pid,shot,team,first_frame,last_frame,seconds_tracked,distance_m,avg_speed_ms,avg_speed_kmh,top_speed_ms,top_speed_kmh,p90_speed_ms,inside_lines_share,median_X,median_Y,team_name
s0-p0,0,dark,0,363,11.7,14.7,1.26,4.5,4.44,16.0,1.97,0.94,5.4,2.7,GSW
s0-p1,0,light,0,363,11.4,22.2,1.94,7.0,7.51,27.0,3.53,0.94,3.6,5.1,BOS
s0-p14,0,dark,38,187,5.0,10.7,2.13,7.7,7.62,27.4,5.51,1.0,10.0,5.0,GSW
s0-p15,0,dark,46,80,1.2,1.3,1.13,4.1,2.36,8.5,2.08,1.0,6.3,12.7,GSW
s0-p16,0,light,60,230,5.7,8.4,1.47,5.3,6.22,22.4,3.06,1.0,9.0,4.7,BOS
s0-p2,0,dark,0,363,11.5,22.9,2.0,7.2,5.26,18.9,4.26,0.93,3.3,3.6,GSW
s0-p21,0,dark,158,363,6.9,12.0,1.75,6.3,4.81,17.3,3.8,1.0,9.7,8.7,GSW
s0-p24,0,light,214,288,2.5,4.7,1.89,6.8,3.49,12.6,3.15,1.0,5.4,2.0,BOS
s0-p25,0,dark,230,363,4.5,9.3,2.08,7.5,3.46,12.5,3.22,1.0,5.1,1.0,GSW
s0-p27,0,light,269,363,3.2,6.6,2.08,7.5,4.28,15.4,3.37,0.73,1.4,6.6,BOS
s0-p28,0,light,278,363,2.9,5.2,1.8,6.5,3.04,10.9,2.58,1.0,5.2,2.4,BOS
s0-p3,0,dark,0,363,11.6,22.7,1.96,7.1,5.79,20.8,3.67,0.93,6.9,11.4,GSW
s0-p4,0,light,0,269,8.6,9.7,1.13,4.1,4.02,14.5,2.53,0.92,4.2,3.1,BOS
s0-p5,0,light,0,363,11.7,15.6,1.33,4.8,4.61,16.6,2.64,0.94,3.7,9.4,BOS
s0-p7,0,dark,0,346,9.5,6.7,0.7,2.5,2.55,9.2,1.58,0.92,10.6,13.4,GSW
s0-p8,0,light,0,357,11.3,18.7,1.65,5.9,7.03,25.3,3.62,0.94,6.7,10.6,BOS
s1-p0,1,light,374,502,3.7,3.3,0.89,3.2,2.55,9.2,1.98,0.86,3.2,4.4,BOS
s1-p1,1,dark,374,616,7.5,16.1,2.15,7.8,3.82,13.8,3.39,0.93,4.4,1.8,GSW
s1-p10,1,light,379,616,6.9,12.5,1.82,6.6,5.3,19.1,4.64,0.94,4.7,6.4,BOS
s1-p12,1,dark,393,530,4.1,9.4,2.27,8.2,4.19,15.1,3.81,1.0,8.0,3.7,GSW
s1-p14,1,light,374,616,7.4,15.0,2.03,7.3,5.51,19.8,3.74,0.94,5.7,10.5,BOS
s1-p18,1,dark,406,570,5.5,5.0,0.91,3.3,2.73,9.8,2.32,1.0,11.6,6.5,GSW
s1-p2,1,dark,374,616,7.3,10.4,1.43,5.2,4.23,15.2,3.18,0.92,6.5,1.3,GSW
s1-p21,1,dark,428,583,5.2,5.8,1.11,4.0,3.38,12.2,2.34,1.0,10.2,1.2,GSW
s1-p22,1,dark,433,616,6.1,8.8,1.43,5.1,3.63,13.1,2.65,1.0,7.6,12.3,GSW
s1-p23,1,dark,447,614,5.6,9.8,1.75,6.3,3.73,13.4,2.64,1.0,7.7,3.2,GSW
s1-p24,1,light,502,610,3.6,3.9,1.08,3.9,2.32,8.4,2.1,1.0,2.7,3.5,BOS
s1-p27,1,light,556,616,2.0,3.2,1.56,5.6,6.45,23.2,5.28,1.0,6.9,3.7,BOS
s1-p28,1,light,559,616,1.9,2.0,1.06,3.8,2.08,7.5,1.74,1.0,4.3,5.9,BOS
s1-p8,1,light,385,616,7.5,10.7,1.43,5.1,4.74,17.1,4.06,0.97,8.7,7.6,BOS
s10-p0,10,dark,1795,1874,2.3,0.7,0.31,1.1,1.33,4.8,1.08,0.74,20.9,3.1,GSW
s10-p12,10,light,1807,1874,2.3,6.2,2.75,9.9,4.37,15.7,3.89,0.84,19.3,9.5,BOS
s10-p13,10,dark,1798,1874,2.2,0.3,0.11,0.4,0.61,2.2,0.47,0.75,26.1,2.7,GSW
s10-p14,10,light,1820,1874,1.8,4.8,2.68,9.7,4.43,16.0,4.09,0.84,26.2,8.0,BOS
s10-p2,10,dark,1795,1874,2.3,2.7,1.15,4.2,1.83,6.6,1.63,0.79,21.9,8.2,GSW
s10-p3,10,light,1795,1874,2.3,0.3,0.12,0.4,0.66,2.4,0.51,0.74,19.4,2.4,BOS
s10-p5,10,dark,1795,1874,2.3,5.2,2.23,8.0,3.82,13.7,3.08,0.74,24.4,10.0,GSW
s11-p0,11,dark,1881,1991,3.4,6.8,1.98,7.1,3.61,13.0,3.2,1.0,20.9,4.0,GSW
s11-p1,11,dark,1881,1991,3.7,6.7,1.81,6.5,4.84,17.4,3.01,0.86,27.3,8.0,GSW
s11-p11,11,light,1894,1991,3.0,9.3,3.05,11.0,5.76,20.7,4.45,1.0,23.3,5.6,BOS
s11-p12,11,dark,1896,1969,2.5,4.3,1.76,6.3,3.01,10.8,2.25,1.0,24.3,2.6,GSW
s11-p2,11,light,1881,1926,1.5,2.6,1.7,6.1,2.76,9.9,2.6,1.0,19.3,3.0,BOS
s11-p3,11,light,1881,1986,3.5,9.0,2.54,9.2,5.46,19.7,4.7,1.0,23.7,13.5,BOS
s11-p4,11,light,1881,1955,2.5,8.8,3.52,12.7,5.37,19.3,5.14,1.0,23.6,2.7,BOS
s11-p5,11,dark,1881,1991,3.7,5.6,1.51,5.4,2.56,9.2,2.16,1.0,23.1,5.1,GSW
s11-p6,11,light,1881,1944,2.1,3.4,1.61,5.8,3.48,12.5,2.33,1.0,19.0,7.0,BOS
s11-p8,11,dark,1881,1991,3.7,3.7,1.01,3.6,2.82,10.2,1.55,1.0,26.7,6.5,GSW
s13-p0,13,light,2030,2093,2.1,0.9,0.43,1.5,1.59,5.7,1.59,1.0,25.7,9.9,BOS
s13-p1,13,dark,2030,2093,2.1,0.0,0.0,0.0,0.0,0.0,0.0,1.0,26.5,4.7,GSW
s13-p2,13,light,2030,2093,2.1,0.7,0.31,1.1,1.29,4.6,0.88,1.0,22.6,6.9,BOS
s13-p3,13,light,2030,2093,2.1,0.2,0.11,0.4,0.53,1.9,0.52,1.0,25.6,4.4,BOS
s13-p4,13,dark,2030,2093,2.1,0.1,0.05,0.2,0.37,1.3,0.37,1.0,26.7,10.1,GSW
s13-p5,13,dark,2030,2093,2.1,1.0,0.45,1.6,1.17,4.2,0.89,1.0,19.9,4.3,GSW
s13-p6,13,dark,2030,2093,2.1,0.0,0.0,0.0,0.0,0.0,0.0,1.0,24.8,4.4,GSW
s13-p8,13,dark,2030,2093,2.1,0.0,0.0,0.0,0.0,0.0,0.0,1.0,21.0,13.7,GSW
s14-p0,14,dark,2095,2166,2.4,2.0,0.85,3.1,1.87,6.7,1.51,1.0,19.6,6.0,GSW
s14-p1,14,dark,2095,2166,2.4,1.7,0.69,2.5,2.29,8.2,1.9,1.0,26.8,10.2,GSW
s14-p2,14,dark,2095,2166,2.4,0.0,0.0,0.0,0.0,0.0,0.0,1.0,26.6,4.7,GSW
s14-p3,14,dark,2095,2166,2.4,0.0,0.0,0.0,0.0,0.0,0.0,1.0,24.8,4.4,GSW
s14-p4,14,light,2095,2166,2.4,1.6,0.68,2.4,1.61,5.8,1.54,1.0,24.3,8.4,BOS
s14-p5,14,dark,2095,2166,2.4,2.2,0.92,3.3,3.01,10.8,2.55,1.0,27.1,7.7,GSW
s14-p6,14,light,2095,2151,1.9,4.6,2.45,8.8,9.16,33.0,7.83,1.0,25.4,5.4,BOS
s14-p7,14,light,2095,2166,2.4,1.0,0.41,1.5,0.82,3.0,0.72,1.0,23.0,7.1,BOS
s14-p8,14,dark,2095,2166,2.4,0.0,0.0,0.0,0.0,0.0,0.0,1.0,21.0,13.7,GSW
s15-p0,15,dark,2167,2226,2.0,0.9,0.47,1.7,1.4,5.0,1.16,1.0,18.0,5.4,GSW
s15-p1,15,dark,2167,2282,3.9,3.9,1.02,3.7,1.82,6.6,1.56,1.0,21.0,10.4,GSW
s15-p2,15,dark,2167,2282,3.9,3.2,0.82,2.9,2.64,9.5,2.35,1.0,26.4,10.0,GSW
s15-p3,15,light,2167,2282,3.9,1.6,0.42,1.5,5.38,19.4,1.86,1.0,25.5,9.8,BOS
s15-p4,15,light,2167,2282,3.9,1.6,0.4,1.5,2.49,9.0,1.32,1.0,22.5,6.9,BOS
s15-p5,15,dark,2167,2282,3.9,2.2,0.57,2.1,3.48,12.5,1.93,1.0,26.4,4.8,GSW
s15-p6,15,dark,2167,2282,3.9,3.0,0.77,2.8,2.65,9.6,2.17,1.0,24.8,4.5,GSW
s15-p7,15,light,2167,2282,3.9,4.4,1.15,4.1,2.9,10.5,2.62,1.0,25.2,4.2,BOS
s17-p0,17,light,2405,2447,1.4,3.5,2.43,8.8,4.18,15.1,4.06,1.0,2.3,11.6,BOS
s17-p1,17,dark,2405,2541,4.6,2.8,0.61,2.2,1.61,5.8,1.56,1.0,1.7,1.8,GSW
s17-p10,17,dark,2405,2541,4.6,1.0,0.22,0.8,3.4,12.2,0.0,0.99,10.1,14.6,GSW
s17-p15,17,light,2412,2541,4.3,5.5,1.27,4.6,2.38,8.6,1.77,1.0,7.0,5.0,BOS
s17-p19,17,dark,2428,2541,3.8,4.6,1.2,4.3,3.54,12.8,2.49,1.0,10.1,7.0,GSW
s17-p2,17,dark,2405,2541,4.6,3.1,0.68,2.5,2.49,9.0,1.7,1.0,9.1,3.9,GSW
s17-p20,17,dark,2442,2541,3.3,2.2,0.65,2.3,1.51,5.4,1.42,1.0,11.7,13.2,GSW
s17-p21,17,dark,2489,2531,1.4,4.0,2.78,10.0,3.47,12.5,3.47,1.0,3.8,10.4,GSW
s17-p22,17,light,2502,2541,1.3,3.5,2.64,9.5,3.19,11.5,3.05,1.0,4.1,8.9,BOS
s17-p3,17,light,2405,2541,4.6,9.2,2.01,7.2,4.63,16.7,3.86,1.0,8.0,7.3,BOS
s17-p5,17,light,2405,2541,4.6,3.1,0.69,2.5,3.06,11.0,1.65,1.0,2.2,3.9,BOS
s17-p6,17,dark,2405,2534,4.3,3.5,0.82,2.9,1.65,5.9,1.45,1.0,4.8,2.2,GSW
s17-p7,17,light,2405,2502,3.3,6.0,1.83,6.6,4.71,16.9,4.36,1.0,5.7,10.2,BOS
s17-p9,17,dark,2405,2541,4.0,10.4,2.59,9.3,7.07,25.4,4.53,0.9,6.4,11.4,GSW
s18-p2,18,light,2542,2632,3.0,4.6,1.5,5.4,3.36,12.1,2.52,0.98,2.1,5.5,BOS
s18-p3,18,light,2542,2632,3.0,4.7,1.54,5.5,5.73,20.6,3.79,0.98,4.0,7.3,BOS
s18-p4,18,light,2542,2632,3.0,4.3,1.42,5.1,2.86,10.3,2.69,0.98,3.6,6.0,BOS
s18-p5,18,dark,2542,2632,3.0,5.3,1.75,6.3,2.44,8.8,2.23,1.0,4.4,4.3,GSW
s18-p6,18,dark,2542,2607,2.2,4.0,1.83,6.6,4.59,16.5,4.59,0.97,10.0,14.6,GSW
s18-p7,18,dark,2542,2604,2.1,5.0,2.36,8.5,4.26,15.3,3.57,0.97,8.5,9.5,GSW
s18-p8,18,light,2542,2632,3.0,3.8,1.25,4.5,3.07,11.1,2.77,0.78,1.7,8.9,BOS
s18-p9,18,dark,2542,2632,3.0,11.7,3.86,13.9,8.69,31.3,5.45,1.0,4.3,9.2,GSW
s19-p0,19,dark,2633,2776,4.8,1.8,0.37,1.3,1.46,5.3,1.01,1.0,3.3,5.0,GSW
s19-p1,19,light,2633,2776,4.8,2.9,0.59,2.1,3.86,13.9,2.3,1.0,2.1,10.0,BOS
s19-p3,19,light,2633,2776,4.8,1.5,0.31,1.1,2.01,7.2,1.07,1.0,1.6,4.5,BOS
s19-p4,19,dark,2633,2776,4.8,2.2,0.45,1.6,1.56,5.6,1.3,1.0,6.1,6.6,GSW
s19-p5,19,dark,2633,2776,4.8,1.6,0.34,1.2,2.01,7.2,1.2,1.0,3.0,9.8,GSW
s19-p6,19,light,2633,2776,4.8,0.9,0.18,0.7,0.91,3.3,0.62,1.0,8.3,5.0,BOS
s2-p1,2,dark,618,680,2.1,2.9,1.38,5.0,1.6,5.8,1.57,1.0,6.3,1.9,GSW
s2-p17,2,light,638,670,1.1,3.7,3.39,12.2,4.96,17.8,4.13,1.0,6.0,4.7,BOS
s2-p18,2,dark,644,680,1.2,2.4,1.93,7.0,2.4,8.6,2.4,1.0,9.8,13.7,GSW
s2-p19,2,light,648,679,1.1,0.3,0.33,1.2,0.63,2.3,0.52,1.0,7.6,2.3,BOS
s2-p2,2,light,618,680,2.1,4.5,2.15,7.7,3.4,12.2,2.71,1.0,6.4,6.1,BOS
s2-p3,2,light,618,648,1.0,0.8,0.8,2.9,1.28,4.6,1.28,1.0,7.1,3.1,BOS
s2-p5,2,light,618,668,1.7,4.0,2.37,8.5,2.73,9.8,2.63,1.0,11.5,8.2,BOS
s2-p6,2,light,618,652,1.2,2.4,2.04,7.3,2.6,9.4,2.51,1.0,4.9,3.3,BOS
s2-p7,2,dark,618,680,1.9,2.9,1.55,5.6,2.2,7.9,2.01,1.0,12.2,9.1,GSW
s20-p0,20,light,2777,2886,3.6,1.0,0.28,1.0,0.8,2.9,0.67,1.0,2.3,4.9,BOS
s20-p1,20,light,2777,2909,4.4,6.3,1.42,5.1,5.98,21.5,3.99,1.0,3.8,5.1,BOS
s20-p3,20,dark,2777,2909,4.4,3.6,0.8,2.9,2.96,10.6,2.81,1.0,3.1,4.7,GSW
s20-p4,20,light,2777,2909,4.4,6.9,1.57,5.6,5.21,18.8,4.55,1.0,8.3,9.3,BOS
s20-p5,20,dark,2777,2909,4.4,2.8,0.63,2.3,2.54,9.1,2.19,1.0,6.2,6.7,GSW
s20-p6,20,dark,2777,2885,3.6,3.4,0.94,3.4,2.95,10.6,2.72,1.0,3.1,9.8,GSW
s20-p7,20,dark,2777,2867,3.0,0.3,0.1,0.4,0.68,2.4,0.53,1.0,9.6,13.0,GSW
s23-p0,23,light,3054,3245,6.4,19.2,3.0,10.8,7.29,26.3,4.59,0.97,19.3,5.0,BOS
s23-p15,23,light,3121,3245,4.1,11.8,2.85,10.3,7.34,26.4,5.45,0.96,25.9,5.2,BOS
s23-p17,23,light,3195,3243,1.0,0.4,0.41,1.5,1.25,4.5,0.73,1.0,26.6,11.3,BOS
s23-p18,23,dark,3203,3245,1.4,2.6,1.8,6.5,3.49,12.6,2.61,1.0,26.5,6.2,GSW
s23-p19,23,dark,3209,3245,1.2,1.5,1.18,4.3,2.44,8.8,2.19,1.0,26.3,2.0,GSW
s23-p2,23,dark,3054,3245,6.4,4.9,0.77,2.8,3.12,11.2,2.04,0.97,26.2,9.2,GSW
s23-p3,23,dark,3054,3245,5.5,12.0,2.19,7.9,5.42,19.5,4.6,0.99,22.0,5.4,GSW
s23-p4,23,light,3054,3245,6.4,5.4,0.85,3.1,5.25,18.9,1.63,0.97,18.7,11.6,BOS
s23-p6,23,dark,3054,3210,5.2,1.6,0.31,1.1,1.22,4.4,1.03,0.96,26.0,2.4,GSW
s23-p7,23,dark,3054,3245,6.4,9.5,1.48,5.3,4.87,17.5,2.89,0.97,21.4,9.7,GSW
s23-p8,23,light,3054,3245,6.2,10.4,1.67,6.0,7.2,25.9,4.8,0.8,27.5,14.2,BOS
s23-p9,23,dark,3054,3169,3.5,5.5,1.55,5.6,4.96,17.9,4.6,0.94,19.9,5.4,GSW
s24-p0,24,dark,3256,3341,2.9,2.1,0.74,2.7,2.18,7.8,1.37,0.99,20.4,8.1,GSW
s24-p1,24,light,3256,3332,2.6,10.3,4.03,14.5,6.93,24.9,6.75,0.98,21.4,11.2,BOS
s24-p10,24,dark,3277,3339,1.6,5.1,3.19,11.5,10.44,37.6,10.44,1.0,28.2,13.6,GSW
s24-p11,24,light,3287,3341,1.8,3.4,1.87,6.7,4.89,17.6,3.72,0.98,26.5,9.9,BOS
s24-p12,24,dark,3292,3341,1.7,1.4,0.82,3.0,1.8,6.5,1.56,1.0,18.6,12.3,GSW
s24-p15,24,dark,3301,3341,1.4,0.7,0.49,1.8,0.8,2.9,0.72,1.0,26.9,6.4,GSW
s24-p17,24,light,3308,3341,1.1,0.6,0.52,1.9,1.04,3.7,0.97,0.97,16.6,9.6,BOS
s24-p2,24,dark,3256,3341,2.9,4.5,1.58,5.7,2.6,9.4,2.45,0.99,26.0,10.0,GSW
s24-p4,24,dark,3256,3341,2.9,4.5,1.57,5.7,3.24,11.6,3.19,0.99,26.8,9.1,GSW
s24-p7,24,dark,3256,3317,2.0,0.6,0.28,1.0,0.98,3.5,0.98,0.98,26.7,6.3,GSW
s24-p8,24,dark,3264,3341,2.6,1.5,0.57,2.0,1.19,4.3,0.98,0.99,25.3,4.1,GSW
s24-p9,24,dark,3266,3341,2.5,4.5,1.78,6.4,2.19,7.9,2.09,1.0,23.1,3.8,GSW
s26-p0,26,dark,3390,3467,2.6,3.5,1.35,4.9,2.89,10.4,2.6,1.0,21.8,8.3,GSW
s26-p1,26,dark,3390,3467,2.6,2.9,1.11,4.0,2.51,9.0,2.47,1.0,26.2,5.9,GSW
s26-p11,26,light,3425,3467,1.4,3.5,2.42,8.7,2.97,10.7,2.97,1.0,23.6,9.3,BOS
s26-p2,26,dark,3390,3467,2.6,2.4,0.93,3.3,1.36,4.9,1.16,1.0,25.5,9.7,GSW
s26-p3,26,light,3390,3467,2.6,1.9,0.73,2.6,1.42,5.1,1.38,1.0,22.6,7.0,BOS
s26-p4,26,dark,3390,3467,2.6,2.2,0.86,3.1,1.72,6.2,1.56,1.0,24.9,9.2,GSW
s26-p6,26,dark,3390,3458,2.3,0.8,0.37,1.3,1.6,5.8,1.36,1.0,19.6,13.7,GSW
s26-p7,26,light,3390,3467,2.6,1.9,0.71,2.6,1.42,5.1,1.21,1.0,24.6,4.4,BOS
s26-p8,26,dark,3390,3467,2.6,2.8,1.06,3.8,1.43,5.1,1.26,1.0,23.0,4.1,GSW
s28-p0,28,light,3527,3719,6.4,7.5,1.16,4.2,1.96,7.0,1.76,1.0,8.9,7.6,BOS
s28-p16,28,light,3529,3719,6.1,14.7,2.41,8.7,4.42,15.9,3.79,1.0,3.9,8.3,BOS
s28-p18,28,dark,3538,3634,3.2,2.5,0.77,2.8,3.09,11.1,2.23,1.0,8.6,12.9,GSW
s28-p2,28,light,3527,3565,1.3,0.3,0.21,0.7,0.67,2.4,0.5,1.0,2.2,13.5,BOS
s28-p20,28,dark,3553,3719,5.3,16.6,3.13,11.3,5.0,18.0,4.47,1.0,4.9,6.3,GSW
s28-p3,28,light,3527,3719,6.4,5.4,0.84,3.0,1.82,6.6,1.4,1.0,3.5,4.8,BOS
s28-p4,28,light,3527,3719,6.4,8.6,1.34,4.8,3.93,14.2,2.62,1.0,3.2,10.9,BOS
s28-p5,28,light,3527,3719,6.4,4.6,0.71,2.6,3.03,10.9,1.5,1.0,6.2,10.9,BOS
s28-p7,28,dark,3527,3719,6.4,8.0,1.25,4.5,2.05,7.4,1.93,1.0,9.5,8.0,GSW
s28-p8,28,dark,3527,3622,3.2,6.1,1.9,6.8,4.74,17.1,3.36,1.0,1.4,11.5,GSW
s29-p1,29,light,3721,3783,2.1,1.5,0.72,2.6,1.37,4.9,1.22,1.0,3.0,6.5,BOS
s29-p16,29,light,3744,3779,1.2,4.3,3.59,12.9,6.42,23.1,5.92,1.0,8.4,10.5,BOS
s29-p2,29,dark,3721,3783,2.1,1.5,0.74,2.6,2.03,7.3,2.03,1.0,6.2,1.9,GSW
s29-p4,29,light,3721,3783,2.1,0.7,0.35,1.3,1.07,3.8,1.07,1.0,8.1,5.0,BOS
s29-p5,29,dark,3721,3779,2.0,1.4,0.73,2.6,1.45,5.2,1.45,1.0,8.6,5.1,GSW
s29-p6,29,light,3721,3783,2.1,3.0,1.43,5.1,2.61,9.4,2.61,1.0,4.6,9.8,BOS
s29-p7,29,dark,3721,3776,1.6,2.1,1.3,4.7,2.2,7.9,2.2,1.0,7.5,10.8,GSW
s29-p8,29,light,3721,3783,2.1,7.3,3.46,12.5,7.99,28.8,7.28,1.0,4.2,10.0,BOS
s3-p12,3,dark,685,786,3.4,3.4,0.99,3.6,3.23,11.6,2.86,0.84,24.2,9.8,GSW
s3-p13,3,dark,698,974,9.0,26.5,2.94,10.6,6.88,24.8,5.85,0.88,25.8,10.6,GSW
s3-p14,3,light,720,974,8.0,21.6,2.71,9.8,7.84,28.2,4.54,0.92,24.5,12.2,BOS
s3-p15,3,dark,741,941,6.7,10.3,1.54,5.6,4.81,17.3,3.21,0.86,23.4,12.0,GSW
s3-p17,3,light,818,938,3.8,9.9,2.6,9.4,8.96,32.2,5.73,0.89,21.6,12.5,BOS
s3-p2,3,dark,681,974,9.8,17.3,1.76,6.4,5.95,21.4,4.0,0.88,20.3,8.1,GSW
s3-p3,3,dark,681,965,9.2,14.7,1.6,5.8,8.88,32.0,3.35,0.76,26.4,6.8,GSW
s3-p4,3,dark,681,974,9.8,15.7,1.6,5.8,5.49,19.8,4.48,0.88,23.2,3.1,GSW
s3-p5,3,light,681,974,9.6,16.3,1.7,6.1,5.68,20.4,4.26,0.87,19.1,7.5,BOS
s3-p6,3,light,681,974,9.8,17.3,1.77,6.4,6.51,23.4,4.86,0.88,27.4,3.8,BOS
s30-p0,30,dark,3786,3905,3.4,7.6,2.24,8.1,4.48,16.1,4.17,1.0,2.8,6.4,GSW
s30-p14,30,light,3786,3829,1.5,4.6,3.13,11.3,5.15,18.5,4.46,1.0,4.4,9.4,BOS
s30-p16,30,dark,3801,3905,3.2,10.2,3.23,11.6,6.11,22.0,5.41,1.0,3.9,8.7,GSW
s30-p17,30,light,3827,3908,2.7,7.8,2.85,10.3,8.33,30.0,5.37,1.0,1.9,6.7,BOS
s30-p3,30,dark,3786,3867,2.7,2.4,0.9,3.2,1.49,5.4,1.41,1.0,10.2,5.1,GSW
s30-p4,30,light,3786,3908,4.1,4.9,1.19,4.3,2.35,8.5,2.06,1.0,9.6,4.1,BOS
s30-p5,30,dark,3786,3908,4.1,13.2,3.23,11.6,5.1,18.4,4.5,1.0,5.6,7.1,GSW
s30-p6,30,dark,3786,3837,1.7,0.4,0.25,0.9,0.99,3.6,0.99,1.0,10.7,13.3,GSW
s30-p7,30,light,3786,3908,4.1,10.1,2.46,8.9,8.45,30.4,6.21,1.0,3.1,10.5,BOS
s31-p1,31,dark,3923,4177,8.5,10.2,1.2,4.3,5.21,18.8,3.28,0.84,20.7,3.6,GSW
s31-p10,31,light,3923,4045,3.4,7.1,2.06,7.4,6.48,23.3,3.79,0.73,27.4,11.4,BOS
s31-p13,31,light,3974,4177,6.8,12.5,1.84,6.6,7.48,26.9,3.55,0.89,18.2,1.3,BOS
s31-p14,31,light,3974,4177,6.4,11.5,1.8,6.5,4.02,14.5,3.24,0.9,18.0,9.6,BOS
s31-p15,31,dark,3981,4146,5.2,0.0,0.0,0.0,0.0,0.0,0.0,0.88,15.5,4.1,GSW
s31-p18,31,light,4104,4165,2.1,2.2,1.06,3.8,2.87,10.3,2.34,0.95,18.2,9.4,BOS
s31-p19,31,dark,4119,4177,1.9,5.6,2.9,10.4,5.4,19.4,3.97,0.97,24.4,7.0,GSW
s31-p3,31,light,3923,4177,8.5,11.9,1.4,5.0,4.01,14.4,2.74,0.84,19.6,8.9,BOS
s31-p4,31,dark,3923,4124,6.7,10.5,1.55,5.6,6.12,22.0,2.79,0.79,20.4,8.5,GSW
s31-p5,31,dark,3923,4177,8.5,7.4,0.87,3.1,3.11,11.2,1.85,0.84,27.2,9.2,GSW
s31-p6,31,dark,3923,4071,5.0,9.2,1.85,6.7,4.56,16.4,2.58,0.76,18.9,7.9,GSW
s31-p7,31,dark,3923,4177,8.5,6.0,0.71,2.6,2.92,10.5,1.65,0.84,24.6,2.1,GSW
s32-p1,32,dark,4178,4213,1.2,0.9,0.75,2.7,1.1,4.0,0.86,1.0,21.4,9.5,GSW
s32-p11,32,light,4182,4213,1.1,1.8,1.66,6.0,2.75,9.9,2.73,1.0,27.1,4.1,BOS
s32-p2,32,dark,4178,4213,1.2,2.1,1.78,6.4,2.2,7.9,2.02,1.0,20.1,1.8,GSW
s32-p4,32,dark,4178,4213,1.2,1.5,1.29,4.6,2.27,8.2,2.12,1.0,26.1,5.3,GSW
s32-p5,32,dark,4178,4213,1.2,1.6,1.33,4.8,1.83,6.6,1.78,1.0,25.3,2.0,GSW
s32-p6,32,light,4178,4213,1.2,2.0,1.63,5.9,3.45,12.4,3.19,1.0,19.3,10.1,BOS
s32-p7,32,light,4178,4213,1.2,3.5,2.94,10.6,3.9,14.0,3.49,1.0,24.7,7.2,BOS
s33-p0,33,light,4214,4246,1.1,1.5,1.4,5.1,1.89,6.8,1.79,1.0,19.1,8.0,BOS
s33-p1,33,dark,4214,4314,3.4,4.9,1.46,5.2,3.61,13.0,3.37,1.0,26.9,6.2,GSW
s33-p11,33,dark,4214,4314,3.4,2.9,0.85,3.1,2.82,10.1,2.5,1.0,26.4,9.7,GSW
s33-p14,33,light,4278,4314,1.2,3.3,2.67,9.6,3.27,11.8,3.18,1.0,21.8,10.0,BOS
s33-p2,33,dark,4214,4302,3.0,3.3,1.1,4.0,2.42,8.7,1.58,1.0,20.7,10.4,GSW
s33-p3,33,dark,4214,4314,3.4,4.9,1.45,5.2,2.28,8.2,1.88,1.0,23.9,6.6,GSW
s33-p4,33,dark,4214,4295,2.7,6.2,2.27,8.2,4.0,14.4,3.37,1.0,22.5,3.9,GSW
s33-p5,33,light,4214,4273,2.0,5.5,2.74,9.9,3.04,11.0,2.98,1.0,22.2,7.9,BOS
s33-p7,33,light,4214,4302,3.0,5.9,1.98,7.1,3.2,11.5,2.75,1.0,25.9,6.6,BOS
s33-p8,33,light,4214,4273,2.0,4.2,2.11,7.6,2.86,10.3,2.61,1.0,20.3,4.1,BOS
s34-p0,34,light,4355,4418,2.1,1.7,0.81,2.9,3.23,11.6,1.79,0.89,6.5,8.9,BOS
s34-p1,34,light,4355,4418,2.1,3.4,1.63,5.9,5.97,21.5,4.47,0.89,7.9,5.9,BOS
s34-p2,34,light,4355,4418,2.1,5.7,2.74,9.9,4.27,15.4,3.8,0.88,8.2,2.6,BOS
s34-p5,34,light,4355,4418,2.1,1.5,0.75,2.7,2.5,9.0,2.11,0.89,2.6,11.1,BOS
s34-p6,34,dark,4355,4395,1.3,4.4,3.37,12.1,4.02,14.5,3.84,0.82,10.4,2.7,GSW
s34-p7,34,dark,4355,4416,2.0,2.5,1.23,4.4,1.55,5.6,1.47,0.89,8.6,11.7,GSW
s34-p9,34,dark,4355,4418,2.1,4.5,2.16,7.8,5.48,19.7,5.48,0.89,10.5,5.8,GSW
s35-p0,35,dark,4419,4465,1.6,2.9,1.83,6.6,3.59,12.9,3.48,1.0,9.4,5.6,GSW
s35-p1,35,light,4419,4552,4.5,8.6,1.92,6.9,5.56,20.0,4.48,1.0,6.9,5.8,BOS
s35-p10,35,light,4422,4567,4.9,3.5,0.72,2.6,2.46,8.8,1.59,1.0,6.6,9.9,BOS
s35-p13,35,light,4440,4567,4.3,13.9,3.25,11.7,7.87,28.3,7.04,1.0,4.2,8.8,BOS
s35-p15,35,light,4444,4535,3.1,9.9,3.22,11.6,7.55,27.2,6.25,1.0,3.2,8.8,BOS
s35-p2,35,light,4419,4567,4.4,5.9,1.34,4.8,3.08,11.1,2.22,1.0,3.1,10.3,BOS
s35-p20,35,light,4493,4567,2.5,7.0,2.78,10.0,5.19,18.7,4.87,1.0,5.3,6.6,BOS
s35-p22,35,dark,4505,4567,2.1,4.3,2.05,7.4,3.64,13.1,3.31,1.0,8.7,11.7,GSW
s35-p23,35,dark,4529,4559,1.0,2.0,1.97,7.1,3.09,11.1,3.03,1.0,5.8,8.9,GSW
s35-p3,35,dark,4419,4567,5.0,12.6,2.55,9.2,5.09,18.3,4.33,1.0,4.3,3.5,GSW
s35-p5,35,dark,4419,4563,4.8,1.8,0.37,1.3,1.2,4.3,0.89,1.0,11.5,13.1,GSW
s35-p6,35,dark,4419,4567,4.8,7.1,1.48,5.3,4.07,14.7,2.27,1.0,4.1,10.6,GSW
s36-p0,36,light,4569,4669,3.4,2.5,0.74,2.7,3.06,11.0,1.32,1.0,5.1,12.8,BOS
s36-p10,36,light,4578,4669,3.1,2.0,0.66,2.4,1.86,6.7,1.79,1.0,1.5,8.3,BOS
s36-p11,36,dark,4591,4647,1.9,5.4,2.84,10.2,3.64,13.1,3.64,1.0,8.2,11.5,GSW
s36-p12,36,dark,4636,4669,1.1,3.1,2.76,10.0,3.3,11.9,3.2,1.0,2.0,12.4,GSW
s36-p2,36,light,4569,4661,3.1,5.1,1.64,5.9,3.44,12.4,2.33,1.0,6.2,5.9,BOS
s36-p3,36,light,4569,4669,3.4,6.8,2.03,7.3,4.28,15.4,3.03,1.0,2.9,6.0,BOS
s36-p4,36,dark,4569,4623,1.8,6.1,3.34,12.0,6.93,24.9,5.05,1.0,7.8,11.9,GSW
s36-p5,36,dark,4569,4656,2.9,8.5,2.89,10.4,4.95,17.8,4.24,1.0,4.3,7.2,GSW
s36-p6,36,dark,4569,4604,1.2,0.6,0.53,1.9,0.91,3.3,0.91,1.0,3.8,3.2,GSW
s36-p9,36,dark,4571,4669,3.2,9.9,3.07,11.1,6.79,24.4,5.1,1.0,1.7,7.4,GSW
s37-p0,37,dark,4671,5213,18.1,19.6,1.08,3.9,5.02,18.1,2.34,0.91,25.6,3.4,GSW
s37-p11,37,dark,4671,4936,8.8,2.5,0.28,1.0,6.07,21.8,0.47,0.81,15.5,4.1,GSW
s37-p14,37,light,4691,5114,13.6,17.0,1.25,4.5,5.18,18.6,2.66,0.88,28.1,5.6,BOS
s37-p15,37,dark,4718,5213,16.5,31.4,1.9,6.8,7.44,26.8,3.6,0.91,23.0,5.3,GSW
s37-p16,37,light,4746,5213,15.6,31.5,2.02,7.3,5.41,19.5,3.87,0.91,20.8,4.3,BOS
s37-p18,37,dark,4822,5186,12.1,15.4,1.27,4.6,6.67,24.0,2.74,0.91,27.3,6.4,GSW
s37-p2,37,dark,4671,4933,8.8,17.8,2.03,7.3,5.34,19.2,3.95,0.82,19.3,7.0,GSW
s37-p20,37,light,4920,4975,1.8,5.2,2.83,10.2,6.01,21.6,5.35,0.88,22.6,13.2,BOS
s37-p21,37,light,4943,5213,9.0,25.7,2.84,10.2,10.08,36.3,5.1,0.78,26.7,14.1,BOS
s37-p22,37,light,4971,5213,8.1,10.4,1.28,4.6,2.83,10.2,2.41,1.0,20.1,11.0,BOS
s37-p25,37,dark,5058,5113,1.8,3.2,1.74,6.3,2.46,8.9,2.46,1.0,25.8,6.7,GSW
s37-p29,37,dark,5159,5213,1.8,4.1,2.25,8.1,2.89,10.4,2.81,1.0,23.1,1.5,GSW
s37-p3,37,light,4671,4797,4.2,11.1,2.67,9.6,6.99,25.2,5.61,0.89,18.4,7.0,BOS
s37-p30,37,dark,5160,5213,1.3,2.6,1.97,7.1,2.86,10.3,2.86,1.0,23.5,8.6,GSW
s37-p33,37,light,5180,5213,1.1,5.3,4.65,16.7,5.88,21.2,5.58,1.0,19.1,6.9,BOS
s37-p4,37,dark,4671,5086,13.7,21.9,1.6,5.8,5.45,19.6,3.25,0.89,22.4,11.2,GSW
s37-p5,37,dark,4671,4742,2.4,3.8,1.58,5.7,4.43,16.0,3.05,0.75,19.4,3.0,GSW
s37-p6,37,light,4671,5031,12.0,20.5,1.7,6.1,6.19,22.3,3.42,0.86,19.2,10.0,BOS
s37-p9,37,dark,4671,4858,5.9,7.9,1.33,4.8,3.55,12.8,2.06,0.88,27.5,9.1,GSW
s38-p0,38,light,5216,5392,4.8,8.9,1.84,6.6,4.17,15.0,3.25,0.81,5.2,4.7,BOS
s38-p1,38,light,5216,5392,4.8,5.8,1.19,4.3,4.11,14.8,2.47,0.82,7.1,11.0,BOS
s38-p10,38,dark,5246,5374,3.9,13.8,3.51,12.6,6.13,22.1,5.58,0.92,3.4,10.9,GSW
s38-p13,38,light,5254,5392,4.6,2.9,0.62,2.2,3.54,12.7,1.75,1.0,8.1,6.7,BOS
s38-p23,38,light,5355,5392,1.3,1.0,0.79,2.8,1.1,4.0,1.07,1.0,4.7,2.7,BOS
s38-p3,38,dark,5216,5392,4.8,4.2,0.87,3.1,2.41,8.7,2.25,0.9,10.1,6.8,GSW
s38-p4,38,dark,5216,5323,2.5,4.8,1.91,6.9,3.61,13.0,3.27,0.73,9.2,12.0,GSW
s38-p5,38,dark,5216,5392,4.8,10.1,2.08,7.5,6.26,22.6,3.12,0.82,4.8,3.5,GSW
s38-p6,38,light,5216,5378,4.4,11.4,2.62,9.4,4.51,16.3,4.29,0.82,3.6,10.9,BOS
s38-p7,38,dark,5216,5392,4.8,3.7,0.76,2.7,3.15,11.4,1.72,0.82,4.9,1.9,GSW
s38-p9,38,light,5216,5392,4.5,7.3,1.62,5.8,6.09,21.9,5.45,0.78,4.5,2.2,BOS
s39-p0,39,light,5393,5428,1.2,1.2,1.02,3.7,1.52,5.5,1.51,1.0,5.5,2.5,BOS
s39-p1,39,light,5393,5428,1.2,0.8,0.64,2.3,1.59,5.7,1.51,1.0,7.9,7.0,BOS
s39-p2,39,light,5393,5428,1.2,0.6,0.5,1.8,1.22,4.4,1.15,1.0,2.2,5.9,BOS
s39-p3,39,dark,5393,5428,1.2,0.8,0.66,2.4,0.92,3.3,0.92,1.0,2.0,4.6,GSW
s39-p4,39,dark,5393,5428,1.2,0.4,0.33,1.2,0.48,1.7,0.46,1.0,10.4,7.4,GSW
s39-p5,39,dark,5393,5428,1.2,1.6,1.36,4.9,1.64,5.9,1.64,1.0,6.6,2.3,GSW
s39-p6,39,dark,5393,5428,1.2,0.9,0.73,2.6,1.04,3.7,1.04,1.0,4.3,1.8,GSW
s39-p7,39,light,5393,5428,1.2,1.1,0.94,3.4,3.49,12.6,2.63,1.0,7.0,12.8,BOS
s39-p8,39,light,5393,5428,1.2,2.9,2.41,8.7,3.17,11.4,3.09,1.0,2.7,7.6,BOS
s4-p1,4,light,975,1029,1.5,1.9,1.25,4.5,2.54,9.1,2.31,0.96,4.4,2.9,BOS
s4-p16,4,dark,979,1023,1.4,1.7,1.27,4.6,3.66,13.2,3.12,0.91,9.6,10.7,GSW
s4-p18,4,light,1045,1104,1.7,1.4,0.85,3.1,2.16,7.8,2.16,0.83,12.6,10.3,BOS
s4-p19,4,light,1044,1084,1.0,5.6,5.38,19.4,6.36,22.9,6.13,0.75,19.3,10.9,BOS
s4-p20,4,dark,1054,1111,1.9,0.3,0.17,0.6,1.05,3.8,1.05,0.98,13.7,9.5,GSW
s4-p22,4,dark,1065,1121,1.9,4.3,2.25,8.1,6.98,25.1,6.98,1.0,17.0,2.7,GSW
s4-p26,4,dark,1026,1121,1.8,10.2,5.75,20.7,8.02,28.9,7.84,0.73,16.4,10.5,GSW
s4-p3,4,light,975,1024,1.5,0.3,0.18,0.6,0.82,2.9,0.82,0.9,1.9,13.7,BOS
s4-p6,4,dark,975,1019,1.5,2.3,1.52,5.5,2.87,10.3,2.63,1.0,10.3,9.8,GSW
s4-p7,4,dark,975,1032,1.5,5.7,3.77,13.6,5.31,19.1,5.04,0.79,7.3,6.3,GSW
s40-p0,40,light,5432,5510,2.6,2.5,0.97,3.5,1.89,6.8,1.5,1.0,6.5,3.8,BOS
s40-p1,40,dark,5432,5499,2.3,6.9,3.04,10.9,3.87,13.9,3.87,1.0,6.3,6.5,GSW
s40-p10,40,dark,5435,5479,1.5,2.1,1.43,5.1,2.26,8.1,2.11,1.0,9.3,12.9,GSW
s40-p11,40,dark,5458,5532,2.5,5.6,2.23,8.0,3.59,12.9,3.45,1.0,2.8,6.7,GSW
s40-p12,40,light,5467,5532,1.7,2.0,1.16,4.2,2.03,7.3,1.87,1.0,1.8,7.2,BOS
s40-p2,40,light,5432,5532,3.4,4.8,1.43,5.2,4.24,15.3,2.61,1.0,3.0,7.9,BOS
s40-p4,40,dark,5432,5486,1.8,3.0,1.62,5.8,1.87,6.7,1.8,1.0,8.4,3.8,GSW
s40-p5,40,light,5432,5472,1.4,4.8,3.54,12.7,7.95,28.6,7.95,1.0,6.6,8.2,BOS
s40-p7,40,light,5432,5490,2.0,2.3,1.17,4.2,1.71,6.2,1.61,1.0,8.5,12.5,BOS
s40-p9,40,light,5432,5530,3.3,6.9,2.08,7.5,4.94,17.8,3.65,1.0,5.0,9.9,BOS
s42-p1,42,light,5599,5686,2.9,2.6,0.89,3.2,1.64,5.9,1.23,1.0,6.4,2.9,BOS
s42-p10,42,dark,5599,5681,2.8,5.8,2.1,7.5,4.4,15.8,3.73,1.0,10.9,10.2,GSW
s42-p12,42,dark,5606,5686,2.7,11.6,4.28,15.4,7.31,26.3,5.38,0.94,0.6,7.0,GSW
s42-p14,42,light,5621,5686,2.2,8.7,3.97,14.3,8.5,30.6,5.89,1.0,1.3,6.6,BOS
s42-p2,42,light,5599,5686,2.9,3.2,1.09,3.9,2.67,9.6,1.83,1.0,4.3,9.5,BOS
s42-p3,42,light,5599,5686,2.9,4.6,1.57,5.7,4.9,17.7,3.86,1.0,8.3,7.6,BOS
s42-p5,42,dark,5599,5686,2.9,8.1,2.76,9.9,6.24,22.5,4.7,1.0,10.0,7.9,GSW
s42-p7,42,dark,5599,5686,2.9,4.2,1.44,5.2,3.09,11.1,2.32,1.0,2.8,10.4,GSW
s43-p0,43,light,5696,5740,1.5,1.7,1.13,4.1,3.11,11.2,3.11,1.0,3.3,7.9,BOS
s43-p1,43,dark,5696,5759,2.1,1.8,0.86,3.1,1.43,5.1,1.27,1.0,7.3,1.6,GSW
s43-p11,43,dark,5696,5759,2.1,7.3,3.44,12.4,5.91,21.3,5.08,1.0,4.0,9.2,GSW
s43-p2,43,light,5696,5759,2.1,6.2,2.9,10.4,8.25,29.7,5.2,1.0,4.5,6.9,BOS
s43-p3,43,light,5696,5759,2.1,0.5,0.22,0.8,0.9,3.2,0.77,1.0,6.1,2.3,BOS
s43-p5,43,dark,5696,5759,2.1,2.0,0.96,3.4,1.44,5.2,1.42,1.0,1.5,6.9,GSW
s43-p6,43,dark,5696,5748,1.8,1.8,1.03,3.7,1.83,6.6,1.83,1.0,10.0,2.1,GSW
s43-p7,43,dark,5696,5759,2.1,0.5,0.24,0.9,0.68,2.4,0.57,1.0,9.5,6.1,GSW
s43-p8,43,light,5696,5739,1.5,3.1,2.12,7.6,5.57,20.0,4.29,1.0,1.9,2.4,BOS
s43-p9,43,light,5696,5759,2.1,3.6,1.7,6.1,3.95,14.2,3.2,1.0,6.9,4.6,BOS
s44-p0,44,dark,5822,6011,6.3,4.5,0.72,2.6,3.54,12.8,1.58,0.98,25.8,3.0,GSW
s44-p1,44,dark,5822,6011,6.3,10.9,1.72,6.2,4.0,14.4,3.09,0.98,20.4,4.5,GSW
s44-p16,44,dark,5863,5945,2.7,4.4,1.6,5.8,3.14,11.3,2.75,0.99,19.4,7.0,GSW
s44-p17,44,dark,5875,6003,4.3,9.3,2.16,7.8,5.16,18.6,3.23,1.0,20.7,8.2,GSW
s44-p2,44,light,5822,6011,6.3,6.2,0.98,3.5,3.14,11.3,2.0,0.98,18.6,3.2,BOS
s44-p20,44,light,5901,5967,2.2,6.0,2.69,9.7,4.44,16.0,4.44,0.99,19.0,9.1,BOS
s44-p3,44,dark,5822,6011,6.3,5.0,0.78,2.8,7.89,28.4,2.2,0.98,25.4,11.4,GSW
s44-p4,44,dark,5822,6009,5.8,11.4,1.98,7.1,4.04,14.6,3.05,0.98,20.5,10.3,GSW
s44-p5,44,light,5822,5857,1.2,5.0,4.13,14.9,6.95,25.0,6.12,0.92,17.5,4.8,BOS
s44-p6,44,light,5822,5901,2.7,4.6,1.74,6.3,3.69,13.3,3.36,0.96,16.1,6.1,BOS
s44-p7,44,light,5822,6011,6.3,8.8,1.39,5.0,6.23,22.4,4.29,0.72,26.6,14.8,BOS
s44-p8,44,light,5822,6011,5.3,12.7,2.4,8.6,5.95,21.4,3.11,0.97,18.9,8.1,BOS
s45-p1,45,light,6013,6087,2.5,5.2,2.07,7.4,4.88,17.6,4.78,1.0,19.9,9.2,BOS
s45-p11,45,dark,6020,6157,4.5,13.2,2.92,10.5,4.73,17.0,4.63,1.0,21.7,8.9,GSW
s45-p12,45,dark,6023,6157,4.5,4.8,1.07,3.8,5.07,18.2,2.42,1.0,25.5,11.4,GSW
s45-p13,45,light,6041,6157,3.9,7.9,2.02,7.3,5.29,19.0,3.85,0.85,27.3,12.9,BOS
s45-p15,45,light,6081,6157,2.6,6.6,2.56,9.2,3.38,12.2,3.15,1.0,23.1,3.4,BOS
s45-p16,45,light,6087,6157,2.4,3.6,1.52,5.5,3.33,12.0,3.33,1.0,24.1,7.8,BOS
s45-p18,45,dark,6127,6157,1.0,0.5,0.52,1.9,1.09,3.9,0.9,1.0,24.6,7.4,GSW
s45-p2,45,dark,6013,6157,4.7,4.5,0.96,3.5,2.56,9.2,1.86,1.0,25.7,3.6,GSW
s45-p3,45,light,6013,6098,2.9,7.0,2.43,8.7,3.46,12.5,3.21,1.0,22.4,4.0,BOS
s45-p4,45,dark,6013,6125,3.8,8.2,2.17,7.8,8.93,32.2,6.08,1.0,26.2,8.1,GSW
s45-p5,45,dark,6013,6157,4.8,6.7,1.39,5.0,3.67,13.2,2.48,1.0,25.4,6.5,GSW
s46-p0,46,dark,6159,6269,3.5,2.2,0.62,2.2,1.91,6.9,1.31,0.95,26.0,4.1,GSW
s46-p1,46,light,6159,6269,3.5,11.4,3.24,11.7,5.75,20.7,4.66,0.95,22.4,12.9,BOS
s46-p11,46,light,6173,6269,3.1,7.5,2.45,8.8,5.17,18.6,4.45,0.95,23.2,4.4,BOS
s46-p12,46,dark,6191,6269,2.5,3.5,1.4,5.1,3.23,11.6,2.78,0.94,25.5,10.7,GSW
s46-p2,46,dark,6159,6269,3.5,4.1,1.16,4.2,3.46,12.5,2.4,0.95,24.1,7.1,GSW
s46-p4,46,light,6159,6269,3.5,5.6,1.6,5.7,2.88,10.4,2.54,0.95,18.7,10.2,BOS
s46-p5,46,dark,6159,6269,3.5,8.2,2.33,8.4,6.43,23.2,3.26,0.95,20.6,4.0,GSW
s46-p7,46,light,6159,6269,3.5,8.1,2.29,8.2,4.01,14.4,3.8,0.95,22.1,7.5,BOS
s46-p8,46,dark,6159,6269,3.0,8.9,2.95,10.6,6.51,23.4,6.32,0.94,21.7,13.7,GSW
s47-p0,47,dark,6271,6311,1.4,1.5,1.12,4.0,1.68,6.1,1.47,0.78,12.2,9.2,GSW
s47-p1,47,light,6271,6386,3.9,0.9,0.24,0.9,1.5,5.4,0.94,0.91,2.7,3.7,BOS
s47-p14,47,light,6279,6323,1.5,5.2,3.53,12.7,5.12,18.4,4.51,0.84,7.1,7.3,BOS
s47-p16,47,light,6304,6386,2.8,8.1,2.94,10.6,8.28,29.8,5.73,1.0,7.6,9.4,BOS
s47-p17,47,dark,6313,6386,2.5,6.5,2.65,9.5,3.88,14.0,3.39,0.99,10.3,5.4,GSW
s47-p18,47,dark,6313,6386,2.5,4.4,1.8,6.5,3.0,10.8,2.81,0.97,9.7,12.7,GSW
s47-p19,47,light,6335,6386,1.7,1.2,0.67,2.4,2.16,7.8,1.77,1.0,2.8,9.9,BOS
s47-p4,47,light,6271,6335,2.2,1.2,0.56,2.0,1.26,4.5,1.26,0.83,2.6,11.4,BOS
s47-p5,47,light,6271,6367,2.4,2.3,0.96,3.4,2.09,7.5,2.08,0.84,11.3,6.9,BOS
s47-p6,47,dark,6271,6386,3.9,7.7,1.99,7.1,3.69,13.3,3.23,0.9,12.4,7.2,GSW
s47-p8,47,light,6271,6386,3.9,8.4,2.17,7.8,5.48,19.7,3.72,0.9,8.5,5.7,BOS
s48-p0,48,dark,6396,6467,2.4,6.3,2.62,9.4,3.59,12.9,3.51,1.0,3.2,3.9,GSW
s48-p1,48,light,6396,6467,1.8,2.5,1.37,4.9,2.39,8.6,2.38,1.0,3.7,4.9,BOS
s48-p13,48,dark,6406,6467,2.1,1.4,0.65,2.4,2.5,9.0,1.95,1.0,8.4,3.2,GSW
s48-p15,48,dark,6436,6467,1.1,2.9,2.74,9.9,5.35,19.3,5.03,1.0,2.1,8.0,GSW
s48-p2,48,light,6396,6467,2.4,7.3,3.03,10.9,5.33,19.2,4.23,1.0,3.3,7.1,BOS
s48-p4,48,light,6396,6467,2.4,2.9,1.23,4.4,6.26,22.5,4.01,1.0,2.6,9.5,BOS
s48-p5,48,dark,6396,6459,2.1,3.1,1.43,5.1,4.08,14.7,2.86,1.0,8.9,12.4,GSW
s48-p6,48,dark,6396,6453,1.9,0.7,0.39,1.4,1.57,5.6,1.57,1.0,12.3,12.4,GSW
s48-p7,48,light,6396,6467,2.4,4.2,1.74,6.3,2.84,10.2,2.81,1.0,9.1,6.8,BOS
s48-p8,48,light,6396,6467,2.4,4.6,1.94,7.0,7.55,27.2,5.95,1.0,5.4,8.5,BOS
s5-p2,5,dark,1128,1171,1.5,5.3,3.59,12.9,4.34,15.6,4.19,1.0,23.9,2.6,GSW
s5-p3,5,dark,1128,1171,1.5,5.8,3.97,14.3,4.64,16.7,4.35,1.0,23.5,8.6,GSW
s5-p5,5,light,1130,1171,1.4,3.0,2.14,7.7,6.21,22.4,5.68,1.0,27.8,7.6,BOS
s51-p0,51,dark,6751,6846,3.2,3.2,0.99,3.6,2.05,7.4,1.41,1.0,8.1,2.6,GSW
s51-p1,51,dark,6751,6781,1.0,0.3,0.34,1.2,1.07,3.8,1.07,1.0,10.7,4.4,GSW
s51-p10,51,light,6751,6846,2.6,5.6,2.18,7.8,4.86,17.5,4.53,1.0,2.9,11.8,BOS
s51-p11,51,light,6757,6846,2.3,5.8,2.49,9.0,7.44,26.8,7.44,1.0,1.7,6.6,BOS
s51-p2,51,dark,6751,6846,3.2,8.5,2.67,9.6,7.96,28.7,6.06,1.0,2.5,2.1,GSW
s51-p4,51,light,6751,6846,3.2,1.3,0.41,1.5,0.97,3.5,0.91,1.0,6.1,3.0,BOS
s51-p5,51,light,6751,6802,1.7,1.7,0.97,3.5,1.32,4.7,1.18,1.0,8.5,6.8,BOS
s51-p6,51,dark,6751,6803,1.7,7.2,4.15,14.9,7.69,27.7,6.27,1.0,2.6,8.8,GSW
s51-p7,51,light,6751,6844,3.1,7.4,2.36,8.5,7.07,25.5,5.47,1.0,2.2,8.1,BOS
s51-p8,51,dark,6751,6846,3.2,0.6,0.17,0.6,0.72,2.6,0.57,1.0,10.1,13.2,GSW
s52-p14,52,dark,6915,6962,1.6,11.5,7.17,25.8,8.48,30.5,8.35,0.79,21.6,10.2,GSW
s52-p3,52,light,6848,6921,1.3,2.9,2.21,8.0,3.5,12.6,3.5,0.72,3.6,6.5,BOS
s52-p7,52,dark,6848,6884,1.2,1.7,1.39,5.0,2.58,9.3,2.58,0.92,10.6,13.0,GSW
s52-p9,52,dark,6855,6962,3.0,11.7,3.85,13.9,7.17,25.8,5.9,0.83,10.7,8.0,GSW
s53-p0,53,light,6964,7054,3.0,6.7,2.21,7.9,5.55,20.0,4.99,1.0,25.7,7.5,BOS
s53-p12,53,light,7050,7169,4.0,4.0,0.99,3.6,1.54,5.6,1.32,1.0,23.4,10.4,BOS
s53-p14,53,light,7089,7177,3.0,4.1,1.38,5.0,2.14,7.7,1.72,1.0,20.6,7.5,BOS
s53-p16,53,dark,7130,7177,1.6,0.4,0.25,0.9,0.81,2.9,0.74,1.0,19.8,12.9,GSW
s53-p2,53,dark,6964,7177,7.1,9.4,1.31,4.7,3.47,12.5,2.33,1.0,27.5,8.0,GSW
s53-p6,53,dark,6964,7053,3.0,4.3,1.44,5.2,4.64,16.7,3.28,1.0,27.7,12.5,GSW
s53-p8,53,dark,6982,7177,6.5,9.3,1.43,5.1,5.02,18.1,4.12,1.0,25.0,7.8,GSW
s53-p9,53,dark,7003,7177,5.8,3.6,0.61,2.2,2.57,9.2,2.09,1.0,26.0,3.1,GSW
s56-p11,56,light,7507,7771,8.2,15.7,1.92,6.9,4.66,16.8,3.3,1.0,20.2,7.4,BOS
s56-p16,56,dark,7590,7763,5.8,8.2,1.42,5.1,3.63,13.1,3.03,1.0,25.2,8.5,GSW
s56-p17,56,dark,7591,7771,6.0,8.1,1.34,4.8,3.5,12.6,2.75,1.0,20.9,10.0,GSW
s56-p18,56,dark,7617,7771,5.2,6.6,1.28,4.6,2.89,10.4,1.94,1.0,22.1,7.1,GSW
s56-p2,56,light,7507,7771,8.8,22.0,2.49,9.0,6.93,25.0,5.0,1.0,19.8,9.9,BOS
s56-p21,56,light,7718,7771,1.8,2.2,1.25,4.5,2.07,7.5,1.68,1.0,24.6,7.7,BOS
s56-p3,56,dark,7507,7666,4.5,6.1,1.34,4.8,3.48,12.5,3.09,1.0,23.0,8.0,GSW
s56-p5,56,dark,7507,7771,8.8,6.5,0.74,2.7,5.15,18.5,2.27,1.0,26.7,4.5,GSW
s56-p6,56,dark,7507,7771,8.6,6.4,0.74,2.7,4.1,14.8,2.12,1.0,26.2,12.5,GSW
s56-p8,56,dark,7507,7716,6.3,6.1,0.97,3.5,3.47,12.5,2.21,1.0,27.0,9.5,GSW
s57-p0,57,dark,7778,7904,4.2,6.3,1.48,5.3,2.8,10.1,2.22,1.0,21.6,6.9,GSW
s57-p10,57,light,7778,7862,2.8,5.1,1.79,6.5,6.25,22.5,3.6,0.96,26.2,14.0,BOS
s57-p12,57,dark,7778,7932,4.6,6.0,1.31,4.7,5.58,20.1,3.68,1.0,26.1,10.8,GSW
s57-p16,57,dark,7876,7929,1.8,0.0,0.01,0.0,0.36,1.3,0.0,1.0,15.5,4.1,GSW
s57-p17,57,light,7891,7932,1.4,4.3,3.05,11.0,6.22,22.4,4.96,1.0,23.1,1.4,BOS
s57-p19,57,dark,7902,7932,1.0,1.2,1.18,4.3,1.7,6.1,1.67,1.0,21.0,10.7,GSW
s57-p2,57,dark,7778,7932,5.2,7.1,1.38,5.0,4.44,16.0,2.66,1.0,25.5,8.5,GSW
s57-p5,57,dark,7778,7927,5.0,10.2,2.03,7.3,6.33,22.8,3.89,1.0,25.8,5.1,GSW
s57-p6,57,dark,7778,7932,5.2,13.6,2.64,9.5,5.39,19.4,4.4,0.77,26.3,2.2,GSW
s57-p7,57,dark,7778,7887,3.7,4.1,1.13,4.1,2.81,10.1,2.42,1.0,18.3,12.8,GSW
s57-p9,57,light,7778,7922,4.8,11.2,2.31,8.3,4.22,15.2,3.64,1.0,25.1,8.3,BOS
s58-p0,58,light,7936,7984,1.6,2.4,1.46,5.3,2.71,9.7,2.71,1.0,22.4,3.1,BOS
s58-p1,58,dark,7936,7984,1.6,2.0,1.24,4.5,3.08,11.1,2.55,1.0,24.3,10.9,GSW
s58-p10,58,dark,7954,7984,1.0,1.2,1.16,4.2,2.28,8.2,2.15,1.0,26.0,8.6,GSW
s58-p2,58,light,7936,7980,1.5,1.3,0.88,3.2,1.71,6.2,1.65,1.0,18.2,7.5,BOS
s58-p4,58,dark,7936,7984,1.6,1.9,1.17,4.2,2.84,10.2,2.46,1.0,26.6,6.4,GSW
s58-p7,58,light,7936,7984,1.6,1.8,1.12,4.0,2.08,7.5,1.92,1.0,18.9,3.8,BOS
s58-p8,58,dark,7936,7984,1.6,0.9,0.56,2.0,1.34,4.8,1.34,1.0,20.9,9.4,GSW
s59-p0,59,light,7989,8081,3.1,5.9,1.9,6.8,3.07,11.1,2.73,1.0,22.9,8.9,BOS
s59-p1,59,light,7989,8022,1.1,1.4,1.19,4.3,2.07,7.4,1.93,1.0,19.0,4.7,BOS
s59-p2,59,dark,7989,8081,3.1,3.4,1.1,4.0,3.56,12.8,2.35,1.0,24.7,10.3,GSW
s59-p3,59,dark,7989,8081,3.1,4.1,1.34,4.8,2.68,9.7,2.0,1.0,19.6,10.1,GSW
s59-p4,59,light,7989,8045,1.9,4.9,2.55,9.2,3.6,12.9,3.59,1.0,21.0,4.2,BOS
s59-p6,59,dark,7989,8081,3.1,6.3,2.02,7.3,3.73,13.4,3.61,1.0,25.7,5.9,GSW
s59-p7,59,light,8003,8081,2.6,9.7,3.68,13.2,7.32,26.4,6.76,1.0,24.7,8.1,BOS
s61-p10,61,dark,8185,8315,4.1,11.6,2.82,10.2,4.03,14.5,3.62,0.94,8.6,7.6,GSW
s61-p13,61,dark,8207,8315,3.6,4.7,1.3,4.7,3.87,13.9,2.32,1.0,3.8,14.5,GSW
s61-p19,61,dark,8257,8315,2.0,2.9,1.48,5.3,2.27,8.2,1.93,1.0,10.3,12.0,GSW
s61-p20,61,dark,8276,8312,1.2,1.4,1.17,4.2,1.93,7.0,1.86,1.0,5.8,11.3,GSW
s7-p1,7,light,1215,1512,8.2,15.2,1.85,6.7,6.52,23.5,4.87,0.82,6.1,8.5,BOS
s7-p13,7,light,1267,1331,2.2,4.8,2.2,7.9,2.62,9.4,2.52,1.0,11.6,4.7,BOS
s7-p19,7,dark,1300,1347,1.6,4.2,2.62,9.4,3.69,13.3,3.41,1.0,10.6,5.5,GSW
s7-p2,7,light,1215,1512,8.2,4.4,0.53,1.9,2.28,8.2,1.43,0.83,2.5,3.6,BOS
s7-p21,7,dark,1335,1512,5.3,11.1,2.08,7.5,3.89,14.0,3.37,1.0,9.5,5.1,GSW
s7-p22,7,light,1350,1424,2.5,7.8,3.11,11.2,5.01,18.1,4.77,1.0,6.9,10.6,BOS
s7-p24,7,light,1364,1493,4.3,8.8,2.04,7.3,5.45,19.6,4.32,1.0,9.3,6.2,BOS
s7-p27,7,light,1418,1512,3.2,10.0,3.17,11.4,5.38,19.4,4.69,1.0,3.4,9.9,BOS
s7-p28,7,dark,1426,1491,2.2,2.9,1.33,4.8,4.34,15.6,4.23,0.85,13.9,14.1,GSW
s7-p3,7,dark,1215,1512,8.2,10.0,1.23,4.4,3.99,14.4,3.22,0.82,8.6,2.0,GSW
s7-p30,7,light,1452,1512,2.0,6.0,2.94,10.6,4.44,16.0,4.13,1.0,6.4,4.6,BOS
s7-p4,7,dark,1215,1512,8.2,13.5,1.66,6.0,4.29,15.4,2.52,0.81,8.8,9.6,GSW
s7-p8,7,light,1215,1467,6.7,5.2,0.78,2.8,3.56,12.8,1.77,0.79,6.9,3.6,BOS
s7-p9,7,dark,1215,1512,7.7,25.0,3.23,11.6,5.55,20.0,4.84,0.77,4.7,11.7,GSW
s70-p0,70,light,9154,9382,7.6,2.1,0.27,1.0,1.4,5.1,0.72,1.0,2.0,4.9,BOS
s70-p1,70,dark,9154,9377,7.5,5.5,0.74,2.7,8.05,29.0,1.19,1.0,3.1,9.8,GSW
s70-p10,70,dark,9267,9382,3.9,3.6,0.94,3.4,5.4,19.4,3.02,0.75,8.6,14.8,GSW
s70-p13,70,dark,9327,9369,1.4,5.3,3.72,13.4,7.09,25.5,7.09,1.0,3.3,8.0,GSW
s70-p2,70,dark,9154,9382,7.6,1.3,0.17,0.6,2.04,7.3,0.88,1.0,2.9,4.6,GSW
s70-p3,70,dark,9154,9382,7.6,2.0,0.26,0.9,1.1,4.0,0.69,1.0,8.8,5.1,GSW
s70-p4,70,light,9154,9382,7.6,1.3,0.17,0.6,0.96,3.5,0.67,1.0,4.1,4.7,BOS
s70-p5,70,dark,9154,9382,7.5,5.7,0.76,2.7,7.65,27.6,1.95,1.0,6.2,6.8,GSW
s70-p6,70,light,9154,9382,7.6,6.4,0.84,3.0,5.71,20.5,1.21,1.0,8.3,11.4,BOS
s70-p8,70,light,9154,9382,7.3,2.8,0.39,1.4,1.65,5.9,0.77,1.0,2.3,10.5,BOS
s79-p0,79,dark,10561,10650,3.0,1.2,0.39,1.4,1.68,6.0,0.94,1.0,5.9,6.8,GSW
s79-p1,79,dark,10561,10700,4.6,7.6,1.66,6.0,5.88,21.2,3.01,0.99,4.1,7.1,GSW
s79-p14,79,dark,10580,10684,2.5,7.5,2.99,10.8,7.94,28.6,5.7,1.0,3.9,7.8,GSW
s79-p17,79,dark,10642,10700,2.0,5.7,2.88,10.4,3.96,14.3,3.71,1.0,8.4,7.3,GSW
s79-p18,79,light,10652,10684,1.1,4.4,3.96,14.3,4.5,16.2,4.43,1.0,8.9,7.0,BOS
s79-p2,79,light,10561,10700,4.7,9.5,2.04,7.3,3.44,12.4,3.15,0.99,5.6,5.2,BOS
s79-p3,79,light,10561,10700,4.7,6.9,1.48,5.3,5.95,21.4,2.19,1.0,3.1,7.1,BOS
s79-p5,79,light,10561,10694,4.5,10.5,2.34,8.4,7.17,25.8,5.12,0.99,6.8,10.0,BOS
s79-p6,79,dark,10561,10700,4.7,1.3,0.27,1.0,3.01,10.8,1.69,0.99,9.7,8.3,GSW
s79-p7,79,dark,10561,10640,2.7,1.5,0.56,2.0,0.99,3.6,0.98,1.0,6.3,3.8,GSW
s79-p8,79,dark,10561,10672,3.3,5.1,1.56,5.6,5.2,18.7,2.72,1.0,3.2,9.7,GSW
s79-p9,79,dark,10561,10650,3.0,1.9,0.63,2.3,1.6,5.7,1.57,0.99,9.1,5.6,GSW
s8-p1,8,dark,1513,1550,1.3,2.2,1.7,6.1,1.93,6.9,1.93,1.0,5.3,11.0,GSW
s8-p2,8,light,1513,1550,1.3,0.9,0.74,2.7,1.03,3.7,0.97,1.0,9.0,8.9,BOS
s8-p3,8,dark,1513,1548,1.2,1.7,1.38,5.0,1.53,5.5,1.45,1.0,8.5,1.9,GSW
s8-p5,8,light,1513,1550,1.3,3.9,3.11,11.2,4.04,14.5,3.74,1.0,2.0,3.8,BOS
s8-p6,8,dark,1513,1548,1.2,6.3,5.25,18.9,7.1,25.6,6.76,1.0,4.3,3.8,GSW
s8-p7,8,dark,1513,1550,1.3,1.4,1.08,3.9,1.64,5.9,1.53,1.0,11.3,9.6,GSW
s8-p8,8,light,1513,1550,1.3,4.1,3.27,11.8,4.86,17.5,4.55,1.0,3.9,9.3,BOS
s80-p10,80,dark,10706,11189,14.5,25.8,1.78,6.4,5.82,21.0,3.32,0.87,19.2,8.7,GSW
s80-p11,80,dark,10747,10991,7.2,12.0,1.67,6.0,4.26,15.3,3.41,0.81,16.9,13.7,GSW
s80-p12,80,dark,10750,11189,13.8,23.8,1.73,6.2,8.12,29.2,3.11,0.93,20.4,6.1,GSW
s80-p14,80,light,10786,10884,3.3,7.6,2.32,8.3,6.5,23.4,3.32,1.0,15.9,7.6,BOS
s80-p16,80,light,10816,11189,11.7,10.6,0.91,3.3,6.37,22.9,2.26,0.93,26.2,14.5,BOS
s80-p18,80,dark,10826,11189,12.1,12.0,1.0,3.6,7.23,26.0,2.72,0.99,26.1,4.1,GSW
s80-p21,80,light,10857,11049,6.4,11.6,1.8,6.5,4.45,16.0,3.74,1.0,18.0,1.2,BOS
s80-p23,80,light,10867,11093,7.1,16.5,2.32,8.3,4.84,17.4,3.99,1.0,17.7,7.0,BOS
s80-p26,80,dark,10936,11189,8.5,17.9,2.11,7.6,4.46,16.1,3.62,1.0,19.3,5.3,GSW
s80-p27,80,dark,10951,11028,2.1,3.6,1.68,6.0,3.28,11.8,3.28,1.0,18.7,9.8,GSW
s80-p28,80,light,10995,11188,6.5,6.9,1.06,3.8,3.56,12.8,2.44,1.0,18.3,9.9,BOS
s80-p31,80,light,11082,11189,3.6,5.8,1.62,5.8,3.55,12.8,2.72,1.0,20.3,3.1,BOS
s80-p32,80,dark,11098,11185,2.9,3.8,1.29,4.6,4.12,14.8,2.27,1.0,26.3,7.2,GSW
s80-p9,80,dark,10703,11189,14.6,22.1,1.52,5.5,5.5,19.8,3.34,0.85,25.2,11.3,GSW
s81-p0,81,dark,11197,11258,2.1,1.1,0.55,2.0,1.14,4.1,1.11,1.0,24.1,1.8,GSW
s81-p1,81,dark,11197,11248,1.7,0.8,0.48,1.7,1.04,3.7,1.04,1.0,25.5,6.0,GSW
s81-p11,81,dark,11204,11246,1.4,1.4,0.97,3.5,2.03,7.3,1.9,1.0,26.5,7.5,GSW
s81-p12,81,dark,11204,11258,1.8,4.4,2.42,8.7,3.2,11.5,3.09,1.0,20.9,4.6,GSW
s81-p13,81,dark,11218,11258,1.4,5.0,3.63,13.1,8.15,29.4,7.9,1.0,27.3,7.8,GSW
s81-p2,81,dark,11197,11258,2.1,3.6,1.73,6.2,3.87,13.9,2.86,1.0,25.2,9.2,GSW
s81-p3,81,light,11197,11258,2.1,0.5,0.23,0.8,1.16,4.2,0.94,1.0,18.5,2.9,BOS
s81-p4,81,light,11197,11258,2.1,3.9,1.9,6.8,4.23,15.2,4.23,1.0,24.8,6.9,BOS
s81-p5,81,light,11197,11258,2.1,1.8,0.88,3.2,1.92,6.9,1.52,1.0,22.1,12.7,BOS
s81-p7,81,light,11197,11258,2.1,2.8,1.36,4.9,3.34,12.0,2.45,1.0,26.2,10.0,BOS
s82-p0,82,dark,11259,11317,2.0,5.7,2.88,10.4,6.39,23.0,5.46,1.0,23.6,10.3,GSW
s82-p1,82,light,11259,11317,2.0,1.0,0.5,1.8,0.9,3.2,0.81,1.0,18.8,2.9,BOS
s82-p12,82,light,11270,11317,1.6,7.0,4.4,15.9,7.93,28.5,7.01,0.77,26.8,13.8,BOS
s82-p14,82,light,11273,11317,1.5,3.0,1.98,7.1,4.35,15.7,3.36,1.0,18.6,6.9,BOS
s82-p2,82,dark,11259,11317,2.0,2.9,1.49,5.4,2.81,10.1,2.4,1.0,26.9,6.5,GSW
s82-p3,82,light,11259,11294,1.2,5.1,4.28,15.4,5.97,21.5,5.7,1.0,21.7,11.1,BOS
s82-p4,82,dark,11259,11317,2.0,1.3,0.65,2.3,1.65,5.9,1.33,1.0,23.3,4.6,GSW
s82-p6,82,dark,11259,11317,2.0,2.9,1.46,5.2,3.86,13.9,3.44,1.0,25.7,11.0,GSW
s82-p7,82,dark,11259,11317,2.0,0.2,0.12,0.4,0.43,1.5,0.41,1.0,24.1,2.1,GSW
s82-p8,82,light,11259,11317,1.7,0.8,0.49,1.8,1.07,3.8,1.07,1.0,26.4,6.0,BOS
s82-p9,82,dark,11259,11314,1.9,3.0,1.6,5.8,3.89,14.0,3.3,1.0,26.3,8.7,GSW
s83-p0,83,dark,11320,11608,8.1,24.1,2.97,10.7,7.53,27.1,5.46,0.84,24.3,5.9,GSW
s83-p1,83,light,11320,11608,8.2,24.4,2.99,10.7,6.79,24.5,5.37,0.77,23.6,6.6,BOS
s83-p13,83,dark,11371,11487,3.9,10.7,2.73,9.8,5.84,21.0,5.24,0.9,27.7,6.7,GSW
s83-p14,83,light,11391,11519,3.9,10.2,2.6,9.4,6.56,23.6,4.57,0.74,15.9,7.3,BOS
s83-p15,83,dark,11392,11469,2.6,7.1,2.74,9.9,4.68,16.8,4.35,0.99,17.8,13.2,GSW
s83-p2,83,light,11320,11608,8.5,14.1,1.65,5.9,7.96,28.6,3.0,0.79,17.4,2.9,BOS
s83-p24,83,light,11528,11608,2.1,4.2,2.02,7.3,3.28,11.8,3.28,0.75,8.6,4.7,BOS
s83-p25,83,dark,11528,11608,2.1,7.5,3.62,13.0,4.43,15.9,4.37,0.7,7.2,3.0,GSW
s83-p26,83,dark,11547,11576,1.0,4.2,4.24,15.3,4.77,17.2,4.77,0.85,8.4,8.1,GSW
s83-p29,83,dark,11567,11608,1.4,3.2,2.31,8.3,3.8,13.7,3.8,1.0,8.0,10.2,GSW
s83-p3,83,light,11320,11357,1.3,0.0,0.0,0.0,0.0,0.0,0.0,1.0,19.3,6.9,BOS
s83-p7,83,dark,11320,11608,8.5,23.1,2.7,9.7,5.57,20.0,4.9,0.94,25.1,3.4,GSW
s83-p8,83,light,11320,11508,6.1,18.6,3.03,10.9,6.9,24.8,5.97,0.9,24.6,10.9,BOS
s83-p9,83,dark,11320,11608,8.5,17.1,2.0,7.2,8.77,31.6,3.97,0.77,20.8,1.2,GSW
s84-p0,84,light,11610,11758,4.6,5.5,1.21,4.4,2.33,8.4,2.04,0.91,4.2,3.2,BOS
s84-p10,84,light,11622,11758,4.2,5.8,1.39,5.0,2.39,8.6,2.11,0.9,3.6,12.5,BOS
s84-p2,84,light,11610,11669,2.0,2.4,1.18,4.2,1.74,6.3,1.6,1.0,8.7,5.0,BOS
s84-p3,84,dark,11610,11661,1.7,4.4,2.54,9.2,3.36,12.1,3.18,1.0,4.4,6.1,GSW
s84-p4,84,dark,11610,11673,2.0,4.0,2.01,7.2,2.85,10.3,2.85,1.0,6.7,3.1,GSW
s84-p5,84,dark,11610,11758,4.6,9.2,2.01,7.2,3.1,11.2,2.82,0.91,7.3,4.0,GSW
s84-p6,84,light,11610,11677,2.3,6.2,2.73,9.8,7.25,26.1,7.25,1.0,6.1,4.9,BOS
s84-p9,84,dark,11613,11758,4.5,14.2,3.17,11.4,6.47,23.3,4.51,0.9,4.0,7.2,GSW
s86-p10,86,dark,11870,11933,2.1,8.7,4.1,14.8,5.13,18.5,4.86,1.0,22.6,6.1,GSW
s86-p11,86,light,11870,11933,2.1,7.5,3.53,12.7,5.29,19.1,4.92,1.0,23.2,5.2,BOS
s86-p17,86,dark,11899,11933,1.2,2.5,2.12,7.6,3.09,11.1,3.01,1.0,22.4,6.3,GSW
s86-p2,86,dark,11870,11933,2.1,0.6,0.28,1.0,1.74,6.3,1.37,1.0,25.4,3.0,GSW
s86-p4,86,dark,11870,11933,2.1,2.2,1.02,3.7,1.47,5.3,1.39,1.0,20.6,9.8,GSW
s86-p5,86,dark,11870,11933,2.1,1.9,0.88,3.2,2.95,10.6,1.99,1.0,25.6,11.2,GSW
s86-p6,86,light,11870,11933,2.1,3.9,1.84,6.6,4.13,14.9,4.13,1.0,19.4,4.4,BOS
s86-p7,86,light,11870,11933,2.1,2.9,1.36,4.9,2.11,7.6,1.88,1.0,19.1,10.7,BOS
s86-p9,86,dark,11870,11933,2.1,3.1,1.44,5.2,2.11,7.6,2.11,1.0,17.1,13.6,GSW
s87-p0,87,dark,11935,12069,3.3,9.1,2.76,9.9,6.2,22.3,4.44,0.91,19.1,3.2,GSW
s87-p1,87,light,11935,11984,1.6,1.3,0.79,2.8,1.42,5.1,1.4,1.0,19.9,4.1,BOS
s87-p11,87,dark,11935,12063,4.1,9.0,2.21,7.9,6.38,23.0,3.74,0.86,18.9,13.7,GSW
s87-p12,87,dark,11941,12069,4.0,9.5,2.37,8.5,4.6,16.6,3.77,0.93,24.9,5.8,GSW
s87-p13,87,dark,11941,11996,1.9,4.6,2.46,8.8,3.85,13.9,3.85,1.0,23.6,8.5,GSW
s87-p15,87,dark,11995,12059,2.2,6.4,2.95,10.6,3.69,13.3,3.69,0.87,19.5,0.5,GSW
s87-p17,87,light,12016,12069,1.5,5.8,3.95,14.2,4.28,15.4,4.27,0.84,19.7,1.4,BOS
s87-p2,87,dark,11935,12069,4.2,9.7,2.31,8.3,6.52,23.5,4.1,0.94,25.2,10.1,GSW
s87-p3,87,light,11935,12069,4.2,13.6,3.23,11.6,5.72,20.6,4.44,0.92,18.5,1.5,BOS
s87-p7,87,light,11935,12069,3.9,14.9,3.85,13.8,7.28,26.2,5.76,0.83,24.5,10.2,BOS
s87-p8,87,light,11935,12059,4.2,13.8,3.32,12.0,6.0,21.6,4.87,1.0,23.9,2.0,BOS
s9-p0,9,dark,1553,1676,3.7,8.9,2.42,8.7,3.47,12.5,2.9,0.95,6.7,4.2,GSW
s9-p1,9,dark,1553,1667,3.7,12.4,3.37,12.1,5.96,21.5,5.22,0.96,1.8,9.1,GSW
s9-p16,9,light,1684,1729,1.2,6.6,5.63,20.3,6.31,22.7,6.23,0.86,20.4,6.5,BOS
s9-p2,9,light,1553,1635,2.8,1.9,0.7,2.5,1.62,5.8,1.39,1.0,9.8,9.0,BOS
s9-p3,9,dark,1553,1691,3.7,9.6,2.62,9.4,3.21,11.6,3.15,0.8,5.7,3.0,GSW
s9-p4,9,light,1553,1613,2.0,2.0,0.99,3.6,4.89,17.6,4.89,1.0,1.4,2.5,BOS
s9-p5,9,light,1553,1694,3.7,8.2,2.23,8.0,3.62,13.0,3.38,0.77,3.4,5.7,BOS
