shot,start,end,frames,seconds,court_view_samples,usable
0,0,364,364,12.1,3,True
1,374,617,243,8.1,3,True
2,618,681,63,2.1,3,True
3,681,975,294,9.8,3,True
4,975,1122,147,4.9,3,True
5,1128,1172,44,1.5,3,True
6,1173,1214,41,1.4,0,False
7,1215,1513,298,9.9,3,True
8,1513,1551,38,1.3,3,True
9,1553,1794,241,8.0,3,True
10,1795,1875,80,2.7,3,True
11,1881,1992,111,3.7,3,True
12,1993,2030,37,1.2,0,False
13,2030,2094,64,2.1,3,True
14,2095,2167,72,2.4,3,True
15,2167,2283,116,3.9,3,True
16,2283,2351,68,2.3,0,False
17,2405,2542,137,4.6,3,True
18,2542,2633,91,3.0,3,True
19,2633,2777,144,4.8,3,True
20,2777,2910,133,4.4,3,True
21,2932,2974,42,1.4,0,False
22,2976,3053,77,2.6,3,True
23,3054,3246,192,6.4,3,True
24,3256,3342,86,2.9,3,True
25,3352,3390,38,1.3,0,False
26,3390,3468,78,2.6,3,True
27,3468,3527,59,2.0,0,False
28,3527,3720,193,6.4,3,True
29,3721,3784,63,2.1,3,True
30,3786,3909,123,4.1,3,True
31,3923,4178,255,8.5,3,True
32,4178,4214,36,1.2,3,True
33,4214,4315,101,3.4,3,True
34,4355,4419,64,2.1,3,True
35,4419,4568,149,5.0,3,True
36,4569,4670,101,3.4,3,True
37,4671,5214,543,18.1,3,True
38,5216,5393,177,5.9,3,True
39,5393,5429,36,1.2,3,True
40,5432,5533,101,3.4,3,True
41,5561,5599,38,1.3,3,True
42,5599,5687,88,2.9,3,True
43,5696,5760,64,2.1,3,True
44,5822,6012,190,6.3,3,True
45,6013,6158,145,4.8,3,True
46,6159,6270,111,3.7,3,True
47,6271,6387,116,3.9,3,True
48,6396,6468,72,2.4,3,True
49,6492,6528,36,1.2,0,False
50,6532,6750,218,7.3,0,False
51,6751,6847,96,3.2,3,True
52,6848,6963,115,3.8,3,True
53,6964,7178,214,7.1,3,True
54,7178,7335,157,5.2,0,False
55,7335,7498,163,5.4,0,False
56,7507,7772,265,8.8,3,True
57,7778,7933,155,5.2,3,True
58,7936,7985,49,1.6,3,True
59,7989,8082,93,3.1,3,True
60,8082,8144,62,2.1,0,False
61,8144,8316,172,5.7,3,True
62,8317,8361,44,1.5,0,False
63,8361,8417,56,1.9,0,False
64,8516,8547,31,1.0,0,False
65,8549,8661,112,3.7,0,False
66,8669,8721,52,1.7,0,False
67,8773,8912,139,4.6,0,False
68,8912,8995,83,2.8,0,False
69,8996,9143,147,4.9,0,False
70,9154,9383,229,7.6,3,True
71,9388,9423,35,1.2,0,False
72,9431,9585,154,5.1,0,False
73,9585,9631,46,1.5,0,False
74,9631,9720,89,3.0,0,False
75,9720,9945,225,7.5,0,False
76,9945,10005,60,2.0,0,False
77,10006,10077,71,2.4,0,False
78,10078,10551,473,15.8,0,False
79,10561,10701,140,4.7,3,True
80,10701,11190,489,16.3,3,True
81,11197,11259,62,2.1,3,True
82,11259,11318,59,2.0,3,True
83,11320,11609,289,9.6,3,True
84,11610,11759,149,5.0,3,True
85,11759,11808,49,1.6,0,False
86,11870,11934,64,2.1,3,True
87,11935,12070,135,4.5,3,True
