shot,pid,team,start,end,n,X0,Y0,X1,Y1
0,s0-p2,dark,13,22,10,9.431990887434235,2.530188100804653,9.051432944726608,2.642381950974572
0,s0-p2,dark,40,50,11,8.96213360457438,2.978404158340039,8.841023470365174,3.201194104322639
0,s0-p14,dark,56,72,17,9.939715672608395,8.973068649301707,10.262719564784984,6.635060719523125
0,s0-p4,light,73,85,13,2.816245666968043,4.473318134853031,3.2054307905791823,4.037112718161298
0,s0-p0,dark,135,148,13,4.973372880414459,0.5901980204100264,4.565134567569539,0.9111584819055016
0,s0-p0,dark,155,161,7,4.5029332310843735,0.9936703148927382,4.45725578846298,0.9895420471887656
0,s0-p2,dark,167,174,8,1.990106928566803,2.95951141883138,1.940316476148227,2.91144319725148
0,s0-p2,dark,206,210,5,2.4825499964163265,2.3693979426085874,2.554450754179289,2.3201946684255623
0,s0-p4,light,221,226,6,4.921646317218844,3.9776924528303534,4.9571866638254445,3.930697876883275
0,s0-p25,dark,240,245,6,4.682871997279069,1.6147126131068703,4.5601490015316175,1.9711260044099177
0,s0-p27,light,317,332,16,1.774693779707822,6.780159440231724,0.4830275403523646,6.543950527215673
0,s0-p27,light,340,348,9,-0.0397178082933083,6.600859781550496,-0.6682734270340749,7.589323460935505
1,s1-p14,light,395,404,9,8.965680601788504,10.007581909863882,8.031207070703205,9.154791861709556
1,s1-p14,light,420,428,9,6.657886686510194,8.490221960697683,6.393980401544126,8.653737586301208
1,s1-p1,dark,435,439,5,9.60562839302728,2.707202764055475,9.198970038301452,2.8687269599746004
1,s1-p22,dark,441,450,10,6.538006013577598,10.808605863406344,6.908536715165001,11.4634463020499
1,s1-p1,dark,554,561,8,2.216234774080754,0.7663257878836415,2.538800766270511,0.8050535046236618
1,s1-p14,light,592,598,7,2.699487255193525,9.720489645028556,2.4249097067866625,9.576667924024065
1,s1-p28,light,599,604,6,4.014916379289714,5.965288490341567,4.027098600801167,5.938494300759352
1,s1-p14,light,607,616,10,2.291034770208272,8.964874791948343,1.5841953895415084,9.025758198705988
3,s3-p5,light,739,759,21,18.814649554045356,4.42632942885766,18.97760888938145,6.493038550298372
3,s3-p2,dark,760,765,6,19.87596166559566,5.596902527092609,20.057532752364853,6.08507263898851
3,s3-p6,light,874,879,6,26.678716106071537,6.013188562595224,26.661749666356613,6.233674744288163
3,s3-p3,dark,902,909,8,28.41387912845024,7.839668534009628,28.92116724739334,8.02457082186026
3,s3-p13,dark,945,949,5,23.24336767675965,9.68834234505167,22.718409089432622,9.465476501616244
3,s3-p4,dark,951,961,11,21.17228955942037,4.347225419374131,19.354058845247128,3.8460799014454063
3,s3-p13,dark,964,968,5,19.512783813386108,8.635977522513096,19.14680932640335,8.561654631729542
4,s4-p6,dark,978,985,8,10.090994742130704,9.737416619702524,10.270451117406049,9.849387810945249
4,s4-p6,dark,1002,1007,6,10.462237424779218,9.218467963203262,11.14703997848229,9.4156261210535
4,s4-p22,dark,1109,1113,5,18.411396852825103,2.627224960892512,18.742766890490078,2.7042092907076687
5,s5-p5,light,1134,1146,13,27.961385203122184,9.912881282878882,28.117906199948365,9.509611033706486
7,s7-p3,dark,1267,1271,5,8.633410322716628,1.7995941213243232,8.653410858657013,2.213370444808012
7,s7-p4,dark,1281,1285,5,9.266043995808646,10.506779151167246,9.069036903314272,10.155758077105956
7,s7-p4,dark,1303,1308,6,9.38467262406113,9.327528934740934,9.402422852908014,9.41246896623582
7,s7-p4,dark,1376,1384,9,8.304433260271738,9.768126563922095,8.549449909216765,8.48181717710767
7,s7-p4,dark,1412,1426,13,8.851124864373597,8.617929933625055,8.913418451300414,7.880020872938203
7,s7-p27,light,1448,1454,7,2.280066245024326,10.368970089292,2.63894743182003,10.548523820066151
7,s7-p3,dark,1463,1467,5,9.973398434749075,2.015760650085745,10.116231267273214,2.752211903427946
7,s7-p3,dark,1478,1488,11,10.45706464476202,3.0889625702335737,10.14947462057663,2.7999595441099694
7,s7-p3,dark,1492,1498,7,9.681373790838212,2.681759658834315,8.733308711614026,2.802326150662568
8,s8-p6,dark,1526,1548,21,4.8973577502572105,3.753116494983148,2.249081644901876,5.993768258381879
9,s9-p1,dark,1597,1608,12,1.2930800205694588,8.354302157249151,0.3996944532350444,9.645923197842697
9,s9-p3,dark,1615,1619,5,6.290979772012523,3.2413564339186927,6.821142178721823,3.3299558853898588
10,s10-p14,light,1844,1855,12,25.762514365702884,7.976124500541584,26.408188350552308,7.906825631404871
11,s11-p1,dark,1953,1986,30,27.84865039670424,7.549328037334948,28.959026934779207,6.610555096799189
13,s13-p2,light,2032,2058,27,22.5077230897202,6.878879016146525,22.67571880227033,7.331309485752628
14,s14-p5,dark,2095,2104,10,27.72214383483277,9.254507520688438,27.553086181467272,8.927318357761282
14,s14-p5,dark,2109,2131,23,27.429753379790625,8.756835379690953,27.09397965864358,7.6990692831267
14,s14-p5,dark,2134,2140,7,27.083609952775177,7.725822724563741,27.040314159921397,7.713812010496743
14,s14-p5,dark,2157,2162,6,26.825806445828327,7.6993860639391665,26.846709634682792,8.099230020860501
15,s15-p4,light,2195,2217,23,22.514401280469595,6.897881578107654,22.579759661235236,6.922684441633345
15,s15-p5,dark,2270,2278,9,26.074549866806738,5.360469258795224,26.667560249091014,5.864775770671633
17,s17-p3,light,2464,2471,8,8.426346599360443,8.359409037106753,8.250074768699918,8.147703941266398
17,s17-p19,dark,2501,2505,5,10.242069480220357,6.838934467058239,10.272030172042609,6.746743335683453
18,s18-p2,light,2575,2583,9,2.034493117492826,6.311928888858313,1.82046006114426,6.277178063197992
18,s18-p8,light,2597,2625,28,0.7148485945107379,8.679708175083316,-0.1112198028002465,9.072035679316311
19,s19-p4,dark,2660,2667,8,6.105017524981967,6.60773563152494,6.142445128450492,6.605357000024419
19,s19-p3,light,2706,2710,5,1.5743540416130373,4.500132171373823,1.5765612367546502,4.4456197961545145
19,s19-p0,dark,2736,2744,9,3.322001326485555,5.599704522932664,3.2524428614634187,5.64682326267326
19,s19-p3,light,2747,2751,5,1.756768083390175,4.800835199375684,1.8255865523284864,4.887545880168289
20,s20-p5,dark,2815,2822,8,6.16597341512635,6.68313769739524,6.058566135007597,6.675299687100837
20,s20-p0,light,2872,2886,15,2.9239141377586204,5.36688531559424,3.2958457728820814,5.3024995687727134
23,s23-p4,light,3064,3068,5,17.212376412515226,10.488315438080424,17.143158061309858,10.551094605659804
23,s23-p2,dark,3086,3090,5,26.250173142220632,9.20576541676139,26.191416110337663,9.199235070678274
23,s23-p0,light,3103,3135,33,17.55125265036182,6.657933228681329,18.61130754186396,4.165437809885277
23,s23-p0,light,3145,3151,7,19.157029244675105,3.6515244927715966,19.26664934274813,3.2383516614937764
23,s23-p9,dark,3157,3162,6,20.352782498050537,4.519098626153109,20.51790539189754,4.670701688394115
23,s23-p0,light,3163,3168,6,19.492284075431,1.965501325612151,19.88358667222248,1.5019265246869458
23,s23-p0,light,3193,3205,13,21.861992396920694,1.8252774223795412,21.79324419935509,3.153000997563008
23,s23-p0,light,3241,3245,5,24.402959437072703,7.97502684938586,24.64166465050063,9.457719757557976
24,s24-p4,dark,3293,3298,6,26.689347332049984,9.051997518065267,26.740547357604974,9.086008695012984
24,s24-p8,dark,3303,3310,5,25.127329018441635,4.1690012669487455,25.262811595303628,4.122994162043067
24,s24-p4,dark,3311,3316,6,26.869098950390946,9.53617308624825,26.752178790266463,9.316496749560292
26,s26-p3,light,3400,3407,8,22.66148517314037,7.143579926256344,22.66642745198845,7.222040149290443
26,s26-p1,dark,3444,3458,15,25.89814617744552,5.98288111183616,25.934588109787253,6.135557058593649
28,s28-p4,light,3551,3560,7,3.34144180570804,7.644239419364833,3.1680542415499704,8.208071774376382
30,s30-p17,light,3896,3901,6,2.0700793810415345,5.359819829038948,2.401799098467466,4.667864343673212
31,s31-p13,light,3974,3985,9,16.076674893946006,3.177910095948967,,
31,s31-p14,light,4003,4023,19,17.04156380388551,10.079516257955596,17.75032596299118,10.895746133680811
31,s31-p14,light,4082,4091,10,17.833325181881506,9.578786849641192,17.95086870129666,9.570037142875451
31,s31-p13,light,4098,4150,53,18.190573499596614,0.3245038313353544,20.122940151020035,2.641942846835346
31,s31-p13,light,4166,4171,6,21.3842727166778,4.59107486445548,21.853377391551124,5.239953664423468
32,s32-p7,light,4201,4207,7,24.68503152380283,7.522158865133631,24.619478444834883,7.951406122566333
33,s33-p1,dark,4287,4291,5,26.755081032234227,6.824365227538964,26.89804209024808,6.876081053713002
35,s35-p0,dark,4419,4428,10,9.735423692058284,5.689478444758027,9.685372996178724,5.717707141986221
36,s36-p10,light,4598,4606,9,1.7888423591339166,7.899634196919219,1.6973897269084652,8.378255540796873
36,s36-p9,dark,4630,4635,6,3.3254395270042285,7.085924687610385,3.639824256568903,8.25118351861522
36,s36-p12,dark,4662,4666,5,2.8845899037077287,12.465738893488185,3.096308117582878,12.393109893200702
37,s37-p6,light,4798,4807,10,19.166450406530323,12.907775910918753,19.17528109185769,12.08531937386175
37,s37-p6,light,4820,4852,33,19.186570624635355,10.947912022648998,18.982795614582816,10.006288441630266
37,s37-p6,light,4873,4911,38,18.537895300010856,9.647092344017908,19.01525338442005,6.666430115524906
37,s37-p16,light,4912,4927,16,18.81906840174849,1.1188271802487613,18.84337256112995,2.06621079654218
37,s37-p16,light,4947,4964,18,19.053525091449902,4.560382699628866,19.061164379225094,5.298659752075892
37,s37-p16,light,4982,5011,30,19.214064409829906,5.117053481254825,19.89286270485692,4.880426418818234
37,s37-p16,light,5020,5043,22,19.875193303399676,4.666571517786885,22.700652627414637,5.274176770466146
37,s37-p15,dark,5060,5068,9,25.90240720240113,6.485013159983088,26.25526646631435,7.858224806298261
37,s37-p16,light,5138,5149,12,25.982188181485547,4.821793423846426,25.45031483592327,4.7515463582556325
38,s38-p4,dark,5260,5281,19,10.76007472737412,13.18916704026714,9.398731562022611,12.025631015271996
40,s40-p12,light,5487,5492,6,1.7189974721755703,6.959422931992358,1.8148876809114207,6.986674179615232
40,s40-p12,light,5521,5532,12,1.0116641760055287,7.415114661193773,0.4929057760368337,7.425825522309129
42,s42-p10,dark,5602,5614,13,10.927499480049669,12.144417894484551,10.91338711150577,11.38664297276293
42,s42-p10,dark,5629,5635,7,11.030073105214754,11.233616070487043,11.171663159449324,10.10411115295329
43,s43-p5,dark,5719,5726,8,1.4778349745581327,7.081542474997599,1.2177243275201897,6.9362393236484765
43,s43-p5,dark,5734,5758,25,1.0898759121850037,6.854342152462042,1.8059453855266,6.668457950972168
44,s44-p17,dark,5875,5880,6,17.582855547057342,11.013007816402537,17.819816538852216,10.980983611421092
44,s44-p16,dark,5884,5890,7,18.85694334521779,6.3300976282853965,18.923616120563413,6.723892699557057
44,s44-p2,light,5894,5898,5,18.788893370639677,3.247685330734188,18.79427173898346,3.1415578357346727
44,s44-p20,light,5923,5949,27,18.76152067930608,8.012580429244329,19.57459399680049,9.92232171254214
44,s44-p17,dark,5966,5979,14,22.33910712792773,7.670856159931751,23.086334986635045,7.995195875752943
44,s44-p4,dark,5983,5997,15,21.957025901738525,10.337818930584282,23.421357439018653,9.754596386844494
45,s45-p3,light,6030,6038,9,19.96807382463879,3.184769686023823,20.580632167707638,3.294856694004478
45,s45-p11,dark,6063,6068,6,20.842087345302023,8.947592145717715,20.392035971322183,9.011231206811097
45,s45-p1,light,6078,6086,8,21.455889755788483,9.95480466245176,22.0843487481451,8.601946536953237
45,s45-p16,light,6087,6112,26,22.314803520551436,8.544442818759812,23.97642448949185,8.262973281254824
46,s46-p12,dark,6233,6240,8,25.559235612412845,10.695266146986548,25.031345470152065,11.004247702775269
46,s46-p2,dark,6241,6247,7,22.63638008608732,6.171818340376058,22.61297714889304,6.29660793694559
46,s46-p12,dark,6248,6252,5,24.540885784918824,11.058660149998673,23.957759864347505,11.34301822200904
48,s48-p1,light,6454,6459,6,4.16100620306668,4.957325699841231,4.33109623125415,4.9097122139183895
48,s48-p2,light,6460,6467,8,1.040454983802079,7.119959086842887,0.4401385767316886,7.000658629888061
51,s51-p2,dark,6802,6809,8,2.551470918443949,2.2707733362235314,2.617471341327549,2.8238050768543705
53,s53-p0,light,7000,7013,14,25.555603674799485,7.016668143322459,25.813423138933665,7.575202308024879
56,s56-p2,light,7599,7625,27,20.333880317762485,13.335857054645745,19.477838500160928,10.792086202486123
56,s56-p8,dark,7657,7665,9,24.7236008957828,9.485307517174164,24.649540069024315,9.99101209660571
56,s56-p8,dark,7678,7691,14,24.77246007808269,10.03124036257448,24.564462319213053,9.324773345187689
56,s56-p8,dark,7702,7714,13,24.303559425502883,9.347827499869435,23.89913747986712,8.077781454690445
56,s56-p21,light,7756,7765,9,25.177211234861144,7.758346950269416,25.36656403699373,7.804411779009788
57,s57-p9,light,7913,7919,7,25.48576533839164,9.182715807575036,25.649609616254555,8.970761374752938
58,s58-p0,light,7937,7943,7,22.01455704733768,1.3726767592622937,22.13367327511164,1.9529003369364544
58,s58-p4,dark,7956,7961,6,26.640644246181942,6.629091852479712,26.67873101683244,6.514601805516241
59,s59-p6,dark,8069,8079,10,25.03686249576461,3.337613790536336,24.195865074338297,2.682070217903872
70,s70-p5,dark,9225,9245,21,6.09137341137084,6.764954235389572,6.07398111716238,6.875189723118846
70,s70-p5,dark,9289,9293,5,6.254303414434468,6.67449472423596,6.31944575869292,6.590904597367612
70,s70-p13,dark,9352,9358,7,3.55576950533088,8.08406406177102,3.8849537245278944,7.778579747760049
79,s79-p0,dark,10565,10570,6,5.958656349962121,6.937740967088196,6.006127545940463,6.812297713693694
79,s79-p2,light,10578,10582,5,8.045172287707157,5.302908994480216,7.972306294497295,5.3732679403890735
79,s79-p17,dark,10653,10662,10,6.131486011209654,8.120357226380353,7.032211362612609,7.745231607517539
79,s79-p5,light,10665,10669,5,4.492149592667382,12.622006277115648,4.366577311365599,12.599955374422832
80,s80-p31,light,11098,11106,8,21.35392563088058,2.371444647833257,20.861816680763248,3.147781231929395
80,s80-p31,light,11125,11130,6,20.244105541838508,3.5433691608710864,20.362038535171315,3.993138067099322
81,s81-p2,dark,11242,11248,7,25.205811930520305,10.366960636557067,24.984411982388128,10.740879452761506
82,s82-p3,light,11276,11292,16,21.674296711940567,11.055953818668844,22.547827949906637,8.65083766016605
82,s82-p0,dark,11295,11299,5,23.00712920463652,8.490994447379778,23.11273144180028,8.400737666397765
83,s83-p13,dark,11438,11444,7,27.251762705029822,6.34686510902652,26.48598948553888,6.101406321035179
84,s84-p9,dark,11618,11636,19,0.9142932914236714,9.395126934648632,0.8810519896424744,7.144148666627275
84,s84-p10,light,11718,11742,22,4.1340316324017055,12.784261278162765,,
86,s86-p7,light,11871,11910,40,17.58768511209029,11.067585653654604,19.183755993097392,10.46461509186068
