game_id,date,away,home,away_pts,home_pts,label,season
0041500401,2016-06-02,CLE,GSW,89,104,2016-06-02  CLE 89 @ GSW 104,2015-16
0041500402,2016-06-05,CLE,GSW,77,110,2016-06-05  CLE 77 @ GSW 110,2015-16
0041500403,2016-06-08,GSW,CLE,90,120,2016-06-08  GSW 90 @ CLE 120,2015-16
0041500404,2016-06-10,GSW,CLE,108,97,2016-06-10  GSW 108 @ CLE 97,2015-16
0041500405,2016-06-13,CLE,GSW,112,97,2016-06-13  CLE 112 @ GSW 97,2015-16
0041500406,2016-06-16,GSW,CLE,101,115,2016-06-16  GSW 101 @ CLE 115,2015-16
0041500407,2016-06-19,CLE,GSW,93,89,2016-06-19  CLE 93 @ GSW 89,2015-16
0041600401,2017-06-01,CLE,GSW,91,113,2017-06-01  CLE 91 @ GSW 113,2016-17
0041600402,2017-06-04,CLE,GSW,113,132,2017-06-04  CLE 113 @ GSW 132,2016-17
0041600403,2017-06-07,GSW,CLE,118,113,2017-06-07  GSW 118 @ CLE 113,2016-17
0041600404,2017-06-09,GSW,CLE,116,137,2017-06-09  GSW 116 @ CLE 137,2016-17
0041600405,2017-06-12,CLE,GSW,120,129,2017-06-12  CLE 120 @ GSW 129,2016-17
0041700401,2018-05-31,CLE,GSW,114,124,2018-05-31  CLE 114 @ GSW 124,2017-18
0041700402,2018-06-03,CLE,GSW,103,122,2018-06-03  CLE 103 @ GSW 122,2017-18
0041700403,2018-06-06,GSW,CLE,110,102,2018-06-06  GSW 110 @ CLE 102,2017-18
0041700404,2018-06-08,GSW,CLE,108,85,2018-06-08  GSW 108 @ CLE 85,2017-18
0041800401,2019-05-30,GSW,TOR,109,118,2019-05-30  GSW 109 @ TOR 118,2018-19
0041800402,2019-06-02,GSW,TOR,109,104,2019-06-02  GSW 109 @ TOR 104,2018-19
0041800403,2019-06-05,TOR,GSW,123,109,2019-06-05  TOR 123 @ GSW 109,2018-19
0041800404,2019-06-07,TOR,GSW,105,92,2019-06-07  TOR 105 @ GSW 92,2018-19
0041800405,2019-06-10,GSW,TOR,106,105,2019-06-10  GSW 106 @ TOR 105,2018-19
0041800406,2019-06-13,TOR,GSW,114,110,2019-06-13  TOR 114 @ GSW 110,2018-19
0041900401,2020-09-30,MIA,LAL,98,116,2020-09-30  MIA 98 @ LAL 116,2019-20
0041900402,2020-10-02,MIA,LAL,114,124,2020-10-02  MIA 114 @ LAL 124,2019-20
0041900403,2020-10-04,LAL,MIA,104,115,2020-10-04  LAL 104 @ MIA 115,2019-20
0041900404,2020-10-06,LAL,MIA,102,96,2020-10-06  LAL 102 @ MIA 96,2019-20
0041900405,2020-10-09,MIA,LAL,111,108,2020-10-09  MIA 111 @ LAL 108,2019-20
0041900406,2020-10-11,LAL,MIA,106,93,2020-10-11  LAL 106 @ MIA 93,2019-20
0042000401,2021-07-06,MIL,PHX,105,118,2021-07-06  MIL 105 @ PHX 118,2020-21
0042000402,2021-07-08,MIL,PHX,108,118,2021-07-08  MIL 108 @ PHX 118,2020-21
0042000403,2021-07-11,PHX,MIL,100,120,2021-07-11  PHX 100 @ MIL 120,2020-21
0042000404,2021-07-14,PHX,MIL,103,109,2021-07-14  PHX 103 @ MIL 109,2020-21
0042000405,2021-07-17,MIL,PHX,123,119,2021-07-17  MIL 123 @ PHX 119,2020-21
0042000406,2021-07-20,PHX,MIL,98,105,2021-07-20  PHX 98 @ MIL 105,2020-21
0042100401,2022-06-02,BOS,GSW,120,108,2022-06-02  BOS 120 @ GSW 108,2021-22
0042100402,2022-06-05,BOS,GSW,88,107,2022-06-05  BOS 88 @ GSW 107,2021-22
0042100403,2022-06-08,GSW,BOS,100,116,2022-06-08  GSW 100 @ BOS 116,2021-22
0042100404,2022-06-10,GSW,BOS,107,97,2022-06-10  GSW 107 @ BOS 97,2021-22
0042100405,2022-06-13,BOS,GSW,94,104,2022-06-13  BOS 94 @ GSW 104,2021-22
0042100406,2022-06-16,GSW,BOS,103,90,2022-06-16  GSW 103 @ BOS 90,2021-22
