gameId,teamId,teamCity,teamName,teamTricode,teamSlug,personId,firstName,familyName,nameI,playerSlug,position,comment,jerseyNum,minutes,points,contestedShots,contestedShots2pt,contestedShots3pt,deflections,chargesDrawn,screenAssists,screenAssistPoints,looseBallsRecoveredOffensive,looseBallsRecoveredDefensive,looseBallsRecoveredTotal,offensiveBoxOuts,defensiveBoxOuts,boxOutPlayerTeamRebounds,boxOutPlayerRebounds,boxOuts
0041800406,1610612761,Toronto,Raptors,TOR,raptors,202695,Kawhi,Leonard,K. Leonard,kawhi-leonard,F,,2,41:05,22,7,4,3,9,0,0,0,0,0,0,0,1,1,0,1
0041800406,1610612761,Toronto,Raptors,TOR,raptors,1627783,Pascal,Siakam,P. Siakam,pascal-siakam,F,,43,46:10,26,13,9,4,0,0,2,6,1,0,1,0,9,3,0,9
0041800406,1610612761,Toronto,Raptors,TOR,raptors,201188,Marc,Gasol,M. Gasol,marc-gasol,C,,33,26:34,3,3,2,1,0,1,3,7,0,1,1,0,1,1,1,1
0041800406,1610612761,Toronto,Raptors,TOR,raptors,201980,Danny,Green,D. Green,danny-green,G,,14,17:44,0,1,0,1,2,0,0,0,0,1,1,0,3,2,1,3
0041800406,1610612761,Toronto,Raptors,TOR,raptors,200768,Kyle,Lowry,K. Lowry,kyle-lowry,G,,7,41:42,26,7,3,4,4,0,1,2,0,0,0,0,4,2,1,4
0041800406,1610612761,Toronto,Raptors,TOR,raptors,1627832,Fred,VanVleet,F. VanVleet,fred-vanvleet,,,23,33:48,22,6,3,3,1,0,0,0,0,1,1,0,1,0,0,1
0041800406,1610612761,Toronto,Raptors,TOR,raptors,201586,Serge,Ibaka,S. Ibaka,serge-ibaka,,,9,22:07,15,12,8,4,2,0,1,2,0,0,0,1,5,2,1,6
0041800406,1610612761,Toronto,Raptors,TOR,raptors,1626181,Norman,Powell,N. Powell,norman-powell,,,24,10:50,0,0,0,0,0,0,0,0,1,0,1,0,1,1,0,1
0041800406,1610612744,Golden State,Warriors,GSW,warriors,2738,Andre,Iguodala,A. Iguodala,andre-iguodala,F,,9,32:01,22,9,5,4,2,0,0,0,0,1,1,0,3,1,1,3
0041800406,1610612744,Golden State,Warriors,GSW,warriors,203110,Draymond,Green,D. Green,draymond-green,F,,23,44:12,11,11,10,1,4,0,3,8,2,1,3,0,9,3,3,9
0041800406,1610612744,Golden State,Warriors,GSW,warriors,1626172,Kevon,Looney,K. Looney,kevon-looney,C,,5,26:51,6,15,8,7,2,0,1,2,0,1,1,0,8,2,0,8
0041800406,1610612744,Golden State,Warriors,GSW,warriors,202691,Klay,Thompson,K. Thompson,klay-thompson,G,,11,31:60,30,3,2,1,2,0,0,0,2,1,3,0,1,1,0,1
0041800406,1610612744,Golden State,Warriors,GSW,warriors,201939,Stephen,Curry,S. Curry,stephen-curry,G,,30,41:53,21,5,3,2,1,0,0,0,1,1,2,0,2,2,0,2
0041800406,1610612744,Golden State,Warriors,GSW,warriors,101106,Andrew,Bogut,A. Bogut,andrew-bogut,,,12,2:50,0,1,0,1,0,0,2,4,0,0,0,4,0,0,0,4
0041800406,1610612744,Golden State,Warriors,GSW,warriors,1628035,Alfonzo,McKinnie,A. McKinnie,alfonzo-mckinnie,,,28,10:29,0,2,1,1,0,0,0,0,0,0,0,0,1,1,0,1
0041800406,1610612744,Golden State,Warriors,GSW,warriors,202326,DeMarcus,Cousins,D. Cousins,demarcus-cousins,,,0,18:44,12,11,4,7,3,0,0,0,0,0,0,1,3,2,0,4
0041800406,1610612744,Golden State,Warriors,GSW,warriors,1626188,Quinn,Cook,Q. Cook,quinn-cook,,,4,12:31,2,0,0,0,0,0,0,0,1,0,1,0,0,0,0,0
0041800406,1610612744,Golden State,Warriors,GSW,warriors,2733,Shaun,Livingston,S. Livingston,shaun-livingston,,,34,16:10,6,3,1,2,1,0,1,2,0,0,0,0,0,0,0,0
